shot_id,shot_made_flag
1,0.35254103
8,0.37088817
17,0.614468
20,0.6754529
33,0.34002542
34,0.42601228
35,0.4750956
36,0.46320832
37,0.65979683
38,0.38419813
45,0.42250085
50,0.32401955
55,0.35147727
60,0.31300065
66,0.30689505
67,0.28378558
71,0.41232696
80,0.2536877
85,0.28796232
86,0.6360912
95,0.61787826
104,0.4040202
113,0.36977297
123,0.35076576
126,0.79516625
133,0.62566006
141,0.28408822
144,0.4381255
150,0.65345365
152,0.43134668
153,0.65907955
156,0.4072652
159,0.8548815
165,0.7904769
172,0.42467853
182,0.85713446
192,0.42464417
193,0.62320477
196,0.36630523
202,0.38277438
210,0.380984
211,0.43996802
228,0.9117066
257,0.4392348
260,0.42984238
264,0.3933732
267,0.60686666
279,0.88486195
282,0.42039046
293,0.34717134
299,0.7911032
300,0.6382409
301,0.75749487
317,0.349605
327,0.39178312
328,0.3004575
335,0.42340827
346,0.74827653
348,0.28540325
365,0.3912264
390,0.7223374
391,0.7094504
392,0.7467718
397,0.37246224
418,0.39514703
428,0.22686411
434,0.6444966
439,0.5176012
440,0.42158276
456,0.39920303
459,0.31834722
472,0.42479682
480,0.29979646
491,0.3621933
497,0.4009369
509,0.389699
511,0.40327287
523,0.22819582
533,0.4175702
544,0.41488025
546,0.3958161
555,0.67691904
558,0.35266256
560,0.35446575
573,0.3354858
591,0.41372097
596,0.3385787
597,0.3967026
601,0.615632
605,0.41785374
617,0.30724633
628,0.2835548
634,0.42998335
646,0.33440238
649,0.44584274
651,0.7712805
654,0.81704855
656,0.43490097
657,0.41794336
669,0.38713658
670,0.8787122
693,0.6736131
694,0.31467
699,0.419888
711,0.42160997
718,0.35043007
722,0.33226895
723,0.37854305
725,0.6968638
734,0.36285478
735,0.48670506
737,0.74588495
746,0.3322501
747,0.6486038
766,0.3323583
767,0.3524744
771,0.28329882
773,0.26162145
774,0.4086306
783,0.2888648
784,0.37388512
789,0.33090138
792,0.39980927
804,0.35024536
809,0.35742855
812,0.32802984
813,0.3778357
817,0.29175702
820,0.34628612
825,0.35122716
826,0.35808513
829,0.36094508
855,0.41278985
859,0.7270403
862,0.39091998
870,0.3902216
876,0.3590185
880,0.35828745
886,0.95683074
889,0.8109359
891,0.45912707
897,0.9587388
902,0.3681718
903,0.34179434
908,0.36029652
909,0.38175425
920,0.35146073
922,0.40685752
924,0.5852241
932,0.36022425
934,0.36013895
937,0.35229722
941,0.3300569
943,0.37435687
950,0.3965891
952,0.33440244
954,0.91025174
963,0.35340896
975,0.3678333
979,0.40090957
981,0.389504
983,0.20695174
985,0.4548284
989,0.41806015
995,0.40704015
998,0.37029278
1008,0.27951065
1019,0.6194693
1023,0.4036836
1026,0.35140777
1029,0.6374758
1034,0.8110013
1036,0.65574527
1038,0.32500008
1039,0.6024277
1051,0.46300653
1052,0.28529814
1066,0.31788337
1087,0.29595283
1092,0.2561006
1094,0.78117496
1098,0.3837779
1099,0.36036766
1102,0.3724379
1118,0.3897269
1131,0.2900566
1133,0.75144386
1135,0.9194391
1138,0.44616127
1139,0.80505735
1142,0.40374762
1151,0.3952195
1152,0.3735075
1155,0.6725702
1165,0.36393842
1167,0.9083934
1172,0.39128613
1174,0.7358993
1180,0.40694657
1200,0.45598578
1202,0.41845697
1227,0.6419411
1228,0.6388318
1229,0.34572184
1237,0.42502445
1241,0.38885733
1256,0.27459866
1279,0.40545484
1293,0.29150805
1295,0.31996986
1319,0.7487189
1320,0.3848572
1321,0.7545513
1322,0.6707967
1334,0.30918345
1351,0.6637334
1373,0.3222761
1375,0.3171953
1380,0.39959294
1382,0.7234906
1385,0.43034065
1399,0.3578132
1403,0.9003076
1428,0.28030849
1434,0.31769297
1444,0.921854
1448,0.36853504
1466,0.8161441
1476,0.38464278
1478,0.37483272
1485,0.36897904
1491,0.69371015
1494,0.64037275
1500,0.3730123
1501,0.63147604
1503,0.40616867
1519,0.66089827
1524,0.3542693
1529,0.7388272
1533,0.66164833
1538,0.96383005
1539,0.36012587
1546,0.40562147
1555,0.33483577
1559,0.3821238
1563,0.6600882
1565,0.768212
1574,0.35555705
1591,0.33657423
1594,0.29575917
1605,0.29970285
1611,0.40169394
1614,0.36351985
1620,0.35445386
1626,0.29477012
1630,0.3989865
1632,0.36424154
1634,0.31335995
1643,0.31803298
1651,0.42545614
1655,0.3841212
1658,0.29669067
1659,0.3809812
1665,0.3792436
1675,0.3606497
1680,0.8096078
1690,0.3830713
1696,0.30244425
1714,0.312735
1721,0.43367964
1726,0.42273095
1728,0.40912664
1734,0.3675755
1735,0.35175043
1740,0.37288165
1744,0.8087204
1747,0.33617076
1752,0.30149814
1763,0.74468416
1765,0.740689
1769,0.37680617
1785,0.6538773
1787,0.34105158
1788,0.41266167
1793,0.31739932
1800,0.3768057
1825,0.42876685
1826,0.74266464
1834,0.3436014
1843,0.35063815
1844,0.3323713
1848,0.34921917
1849,0.39620686
1860,0.40623763
1863,0.40317202
1875,0.62040395
1883,0.38315973
1890,0.40774116
1892,0.38509098
1893,0.4235052
1897,0.3405447
1905,0.4010455
1908,0.57054365
1931,0.3076115
1940,0.7687816
1943,0.37444103
1947,0.22033963
1965,0.74553007
1967,0.42434627
1968,0.40077734
1972,0.77303606
1982,0.31184497
1985,0.3143369
2005,0.75551695
2010,0.74527854
2021,0.37624645
2024,0.7422429
2036,0.41438678
2043,0.6093885
2047,0.5242843
2049,0.4149094
2055,0.29658404
2065,0.39368874
2066,0.30014598
2070,0.2990211
2077,0.88305265
2085,0.664129
2095,0.6097658
2097,0.6518701
2108,0.380825
2112,0.6660432
2113,0.69077253
2122,0.19057612
2139,0.38893017
2144,0.60864973
2146,0.28415653
2148,0.17628486
2149,0.66468114
2157,0.37436208
2159,0.3509552
2168,0.36803573
2176,0.34755963
2178,0.6592532
2181,0.28755528
2187,0.7626621
2188,0.31666628
2190,0.31798163
2194,0.38303995
2197,0.2888762
2214,0.2767846
2217,0.18653789
2222,0.40112996
2223,0.31782997
2226,0.3379336
2230,0.6251597
2240,0.4404021
2247,0.32804027
2250,0.3089371
2259,0.60972124
2262,0.37086654
2266,0.36699548
2305,0.3308335
2310,0.349298
2313,0.3571062
2319,0.7960239
2320,0.6381169
2345,0.25307158
2350,0.6785753
2356,0.37207878
2360,0.61268336
2370,0.38618875
2386,0.34059876
2398,0.33308107
2414,0.69653964
2435,0.75113887
2439,0.3684955
2446,0.7447952
2458,0.31606972
2465,0.3333724
2466,0.39241835
2470,0.34320262
2495,0.7264815
2501,0.3280778
2507,0.29718682
2533,0.18591313
2537,0.36679274
2538,0.30055204
2541,0.3011684
2542,0.75068575
2544,0.714679
2554,0.24117343
2555,0.24616988
2565,0.4109179
2575,0.7354229
2586,0.4344486
2588,0.3845775
2594,0.6613287
2617,0.4371554
2618,0.30940622
2623,0.9577155
2631,0.55884314
2640,0.2944712
2642,0.7687913
2647,0.40564
2663,0.38831267
2664,0.33628798
2676,0.38207832
2680,0.9349404
2681,0.3819642
2691,0.35145345
2693,0.38919494
2695,0.4091624
2704,0.29897705
2708,0.36410722
2709,0.9501661
2717,0.7736173
2722,0.40287784
2728,0.339692
2732,0.74587303
2743,0.412676
2752,0.2973837
2757,0.72103256
2761,0.3701702
2769,0.27385113
2771,0.3524793
2774,0.36415932
2776,0.36892858
2781,0.31261227
2793,0.3537907
2799,0.33532956
2803,0.30539438
2811,0.34854072
2818,0.32807815
2824,0.5150026
2828,0.7767351
2829,0.37779218
2830,0.3823519
2842,0.71526146
2847,0.6666175
2848,0.33094883
2868,0.3384114
2870,0.30494013
2885,0.2066641
2886,0.37942934
2889,0.64355993
2903,0.39157692
2904,0.7174354
2918,0.7744829
2919,0.35439107
2922,0.3913603
2923,0.33021432
2931,0.3113794
2945,0.37104785
2955,0.3624894
2957,0.6177683
2960,0.6895098
2963,0.28094319
2966,0.7644052
2972,0.6843179
2974,0.31765488
2982,0.28419247
2984,0.6031063
3016,0.3866472
3021,0.3182749
3023,0.7929661
3025,0.39038134
3029,0.28133303
3034,0.7440824
3038,0.34345782
3040,0.41857815
3051,0.76303804
3062,0.32309622
3069,0.34013397
3071,0.32987592
3076,0.9078856
3079,0.30435356
3081,0.27737138
3082,0.39349732
3084,0.8290968
3098,0.35598183
3104,0.38674992
3105,0.39447471
3114,0.75264066
3118,0.3758417
3122,0.29458818
3132,0.27843714
3138,0.40336278
3141,0.36334693
3156,0.65722126
3162,0.7568204
3167,0.35423878
3170,0.35423553
3171,0.27643093
3172,0.34026867
3176,0.9571265
3180,0.3545094
3189,0.29835823
3198,0.334618
3206,0.37270296
3215,0.38538304
3222,0.6581628
3228,0.35572106
3229,0.32526895
3232,0.25872827
3233,0.23489553
3238,0.36567986
3256,0.38189235
3264,0.652392
3273,0.3865196
3275,0.6563286
3285,0.5674178
3289,0.28313297
3294,0.32781196
3306,0.38838112
3311,0.74491674
3318,0.39006063
3322,0.60803574
3324,0.382277
3334,0.5909554
3341,0.3946633
3345,0.30330887
3346,0.91628677
3352,0.30962348
3368,0.34435195
3371,0.16685876
3372,0.4059091
3375,0.39260966
3384,0.33876476
3387,0.2945076
3393,0.354424
3406,0.3875742
3411,0.6064859
3412,0.65550756
3414,0.5746763
3417,0.6137964
3420,0.7786547
3423,0.76703817
3436,0.2863423
3438,0.66096175
3442,0.27628687
3443,0.35574526
3451,0.26771855
3461,0.39951536
3489,0.277827
3491,0.57527924
3510,0.7046329
3515,0.56133753
3527,0.36380953
3530,0.37979743
3540,0.29922214
3582,0.23109095
3604,0.3694555
3605,0.29360908
3609,0.27104703
3624,0.2029748
3628,0.76843995
3630,0.29872367
3641,0.2800077
3642,0.27215523
3648,0.3363534
3650,0.9474192
3652,0.94160074
3660,0.38475206
3664,0.26784563
3670,0.28782865
3672,0.3462462
3680,0.31123316
3682,0.9473808
3685,0.5965452
3686,0.2968052
3689,0.35624248
3705,0.36157662
3712,0.27924684
3713,0.3221308
3719,0.26815978
3721,0.29731023
3723,0.8129771
3724,0.23753789
3727,0.28648594
3733,0.5490977
3734,0.4106362
3742,0.34926876
3770,0.22967617
3777,0.3374515
3778,0.33530328
3780,0.38694882
3783,0.41723296
3784,0.378885
3788,0.34666482
3790,0.34932232
3794,0.3549579
3795,0.43803698
3796,0.41479516
3801,0.53572166
3806,0.38098866
3813,0.39235064
3814,0.38500682
3818,0.5246393
3824,0.40390918
3836,0.38680953
3853,0.38821763
3855,0.32487825
3858,0.36726046
3861,0.74693865
3866,0.30377492
3870,0.36374632
3874,0.9496441
3876,0.27171904
3878,0.28303644
3890,0.43268394
3900,0.8901096
3904,0.4009078
3906,0.42266744
3907,0.41029778
3908,0.3931418
3912,0.35373774
3918,0.94768906
3923,0.9488681
3924,0.38446823
3925,0.29132593
3927,0.6587564
3955,0.95185256
3964,0.36240378
3969,0.32404053
3974,0.70749223
3976,0.33145788
3984,0.26950365
3991,0.37774354
3993,0.9635319
4009,0.32000786
4011,0.41333064
4020,0.37401703
4033,0.33731195
4041,0.41011164
4045,0.86496973
4052,0.37576988
4055,0.37582973
4056,0.38375717
4057,0.37770864
4067,0.96052086
4069,0.38821173
4077,0.33596256
4094,0.3781251
4095,0.36450395
4100,0.39619043
4119,0.37682548
4130,0.62402964
4131,0.38349283
4132,0.62029225
4134,0.61334264
4137,0.88615257
4138,0.36416084
4143,0.2921501
4145,0.37568825
4148,0.32828256
4163,0.18344551
4166,0.3675156
4169,0.7765123
4170,0.43579587
4174,0.38492593
4180,0.35956284
4199,0.9548379
4201,0.38738626
4203,0.37453422
4210,0.06417308
4211,0.35864556
4213,0.9389715
4225,0.39373094
4235,0.30582088
4242,0.3365403
4245,0.3334084
4250,0.40560496
4252,0.39435664
4254,0.32445768
4263,0.32685524
4264,0.3231954
4268,0.31975546
4270,0.3991382
4282,0.7574586
4283,0.3725278
4291,0.3710997
4304,0.38072369
4306,0.34021124
4309,0.31898382
4310,0.331657
4313,0.27870482
4314,0.35235617
4315,0.32950705
4321,0.3605264
4324,0.3411299
4325,0.36124718
4328,0.32891008
4329,0.29248312
4332,0.38730124
4337,0.37560645
4342,0.39851218
4344,0.39690647
4352,0.37409222
4355,0.3151387
4366,0.29814172
4371,0.34378964
4372,0.37431937
4376,0.32928687
4384,0.32996625
4387,0.31858096
4389,0.39363852
4390,0.3616361
4406,0.30740008
4407,0.7369448
4409,0.9563266
4410,0.7653535
4424,0.3732095
4434,0.32970974
4452,0.3646626
4460,0.34162003
4470,0.67429435
4480,0.34050578
4496,0.94162464
4503,0.29085857
4512,0.37000817
4518,0.66488576
4519,0.37128192
4522,0.3193328
4525,0.3475729
4537,0.61817926
4546,0.26786628
4547,0.9264107
4553,0.38222942
4556,0.36089742
4558,0.7395339
4563,0.18209681
4568,0.30840486
4574,0.8064641
4578,0.24882011
4587,0.34956053
4592,0.6302407
4610,0.35413444
4615,0.39622912
4619,0.353713
4620,0.6037421
4625,0.76406294
4635,0.35047016
4636,0.37970293
4641,0.36358044
4650,0.32406786
4653,0.7917975
4665,0.32367888
4668,0.9188673
4669,0.2945479
4670,0.31782618
4674,0.30333674
4675,0.37429783
4676,0.2781729
4679,0.27655062
4680,0.90068895
4686,0.30100748
4699,0.42438674
4713,0.6543817
4718,0.3622013
4721,0.3473729
4722,0.34065312
4724,0.34575745
4730,0.9378577
4731,0.3192953
4735,0.3557264
4743,0.3069241
4745,0.29198778
4746,0.6974992
4747,0.34474707
4748,0.33448565
4769,0.38215688
4771,0.38421658
4774,0.2559709
4784,0.33629745
4797,0.3807368
4801,0.6375379
4804,0.18931375
4820,0.29813492
4833,0.3817947
4834,0.372253
4851,0.31490186
4859,0.28868675
4860,0.95159286
4863,0.3796974
4873,0.37861896
4881,0.26980624
4892,0.3478762
4908,0.39656088
4911,0.30981725
4915,0.2673337
4922,0.3148943
4929,0.38507283
4936,0.3325101
4939,0.40268698
4951,0.31347167
4956,0.32352123
4961,0.36730734
4964,0.31132048
4981,0.37911415
4991,0.94578254
4992,0.3617701
4997,0.38190502
5004,0.29086694
5010,0.30181792
5012,0.37523833
5015,0.16102476
5020,0.3707196
5030,0.32945332
5051,0.9564502
5052,0.37616235
5057,0.6856219
5058,0.54280007
5060,0.38487014
5061,0.3323196
5064,0.5160151
5078,0.4438139
5080,0.46348032
5088,0.39122948
5089,0.6192377
5090,0.34422195
5103,0.9128369
5108,0.38359317
5114,0.33109173
5115,0.373851
5124,0.71426064
5137,0.39853093
5139,0.32614857
5144,0.34523943
5149,0.76342064
5157,0.32302698
5163,0.31380734
5174,0.36160743
5176,0.3791729
5179,0.28399342
5186,0.42516226
5203,0.7351424
5204,0.7545987
5206,0.27269068
5207,0.62479883
5220,0.37431517
5221,0.7540061
5224,0.34893182
5227,0.27733925
5229,0.2649905
5232,0.8250034
5240,0.6633701
5242,0.61920774
5243,0.31626403
5245,0.6880633
5248,0.34697023
5249,0.27379677
5254,0.3231776
5269,0.37673217
5272,0.3806033
5276,0.36064553
5286,0.7497645
5290,0.31030518
5308,0.30516657
5316,0.38410914
5318,0.38764763
5319,0.34908038
5320,0.49000096
5322,0.3189917
5324,0.29853383
5331,0.7026442
5336,0.9497757
5344,0.3515551
5354,0.33049002
5356,0.05536397
5358,0.31879708
5361,0.38114533
5365,0.6501569
5370,0.58863354
5376,0.34744495
5383,0.364212
5384,0.35850772
5385,0.36690867
5393,0.76999533
5397,0.32769883
5398,0.36106634
5402,0.3748859
5407,0.7061296
5409,0.35758042
5425,0.3237429
5428,0.6196308
5430,0.38506258
5442,0.37626478
5447,0.3711226
5470,0.38475242
5485,0.35130653
5493,0.2974593
5502,0.6550911
5504,0.36218166
5517,0.23886314
5522,0.37641576
5527,0.7692811
5528,0.28426138
5536,0.5482801
5545,0.31005946
5576,0.34172282
5577,0.28903267
5592,0.2756587
5594,0.29880553
5595,0.35998148
5596,0.3281992
5599,0.41381052
5606,0.38354445
5617,0.35966778
5625,0.7206026
5626,0.27951106
5627,0.6615464
5642,0.6460547
5659,0.94929934
5664,0.72531945
5666,0.8013705
5671,0.29918838
5674,0.3715385
5677,0.6332582
5681,0.32417345
5683,0.053829785
5700,0.38630334
5713,0.42841005
5715,0.4151334
5718,0.36788073
5726,0.58776516
5738,0.36631176
5741,0.73394316
5743,0.7417811
5753,0.37885907
5761,0.30403665
5789,0.63073224
5797,0.36071005
5803,0.3154056
5810,0.3950302
5813,0.36397806
5817,0.3214926
5818,0.40420792
5822,0.2834909
5829,0.47302946
5846,0.47681487
5847,0.2686593
5854,0.2956585
5858,0.39104933
5863,0.30356908
5869,0.2886869
5870,0.33199415
5876,0.15346745
5881,0.29525906
5901,0.2978229
5922,0.580977
5928,0.7738754
5933,0.3799852
5934,0.7723756
5946,0.38883814
5951,0.28967616
5955,0.32945836
5956,0.88519377
5965,0.34205264
5972,0.36378485
5981,0.25679842
5997,0.3929183
6005,0.25738618
6009,0.25523838
6010,0.331944
6015,0.3448355
6039,0.2882994
6047,0.6612751
6051,0.047805008
6056,0.3896826
6061,0.38479665
6064,0.28573105
6065,0.37766644
6070,0.3344051
6085,0.7425048
6086,0.22445181
6091,0.77861905
6097,0.2665437
6099,0.37190226
6104,0.7239421
6108,0.37593395
6109,0.37913957
6124,0.5897371
6142,0.74649227
6144,0.38417304
6150,0.33789304
6154,0.37820724
6155,0.34953454
6156,0.9555871
6158,0.38165036
6159,0.95404625
6169,0.642552
6170,0.0473578
6179,0.37413278
6184,0.5962539
6186,0.78824383
6204,0.123546764
6230,0.36000428
6231,0.3622392
6232,0.8999944
6235,0.36740983
6237,0.66029674
6239,0.3811561
6263,0.35998702
6265,0.31794742
6270,0.48449665
6271,0.27783084
6278,0.35618052
6279,0.66290176
6288,0.33586234
6294,0.36098176
6295,0.28646597
6302,0.69376546
6306,0.3338322
6322,0.7429277
6324,0.40411174
6327,0.2841679
6331,0.36407393
6334,0.33758244
6338,0.7047429
6339,0.6998323
6362,0.35244286
6372,0.35934585
6375,0.7246949
6393,0.26579624
6394,0.3586129
6405,0.9471332
6406,0.610315
6416,0.6497157
6421,0.37372363
6422,0.27246284
6440,0.94474703
6457,0.7698492
6460,0.6291536
6463,0.36814564
6474,0.76156116
6476,0.39269885
6477,0.37831438
6482,0.7689483
6488,0.32701963
6489,0.3122053
6494,0.35445294
6499,0.75492126
6507,0.2947941
6524,0.36100388
6527,0.32402143
6531,0.30109262
6536,0.38112116
6538,0.1259261
6542,0.7224368
6565,0.33001438
6584,0.38666168
6588,0.37525412
6597,0.3429916
6603,0.74262637
6609,0.7379428
6613,0.75898826
6622,0.31889394
6630,0.3851737
6637,0.29688808
6639,0.7768923
6640,0.28795895
6646,0.40413845
6647,0.35903957
6648,0.95491093
6669,0.30601296
6680,0.3213484
6681,0.3357825
6684,0.071037486
6693,0.3855392
6694,0.3532759
6704,0.32121652
6706,0.35621777
6710,0.3745051
6713,0.38050082
6718,0.24799284
6732,0.38220352
6737,0.38066223
6739,0.3255054
6742,0.3817487
6746,0.6155654
6753,0.33082435
6771,0.2553913
6784,0.307068
6790,0.94115967
6795,0.35340163
6807,0.34567007
6808,0.37033844
6818,0.33254677
6823,0.36403725
6830,0.3816646
6831,0.36318818
6832,0.34824812
6836,0.39815834
6846,0.35846278
6850,0.3959131
6854,0.39568502
6868,0.7575446
6876,0.58660656
6877,0.7759989
6881,0.1674531
6882,0.35530442
6884,0.40494025
6886,0.36840206
6901,0.37657553
6910,0.38547704
6913,0.33605948
6914,0.6614041
6918,0.7580071
6930,0.6208895
6941,0.31738302
6944,0.61373717
6945,0.32599923
6947,0.39976195
6949,0.7784419
6952,0.45293686
6963,0.59821284
6964,0.6615534
6972,0.70977765
6979,0.48344088
6981,0.33862308
6988,0.76759356
6990,0.35837114
6998,0.3619769
7004,0.3967794
7016,0.5566134
7027,0.3926985
7042,0.32656464
7056,0.28690934
7061,0.31335834
7069,0.63922244
7071,0.38385522
7088,0.66022635
7099,0.3913295
7108,0.3523397
7121,0.75559205
7125,0.7689069
7136,0.6250224
7149,0.7326458
7150,0.64447856
7151,0.31422985
7167,0.38546833
7177,0.76575863
7178,0.20838366
7183,0.68474287
7186,0.384842
7190,0.27017298
7201,0.41145197
7202,0.37669042
7207,0.372305
7213,0.36929363
7224,0.7532603
7225,0.28885052
7233,0.32058033
7239,0.31849968
7246,0.27517983
7248,0.36468816
7261,0.3881443
7264,0.3624908
7266,0.30627832
7274,0.3049272
7279,0.33924708
7293,0.3895231
7315,0.2810554
7322,0.3571997
7326,0.77779555
7341,0.37152815
7363,0.3965511
7365,0.63665575
7371,0.34138817
7377,0.3829476
7393,0.78597754
7405,0.28920516
7410,0.30365482
7434,0.752952
7438,0.3887522
7447,0.7529297
7450,0.72454566
7452,0.37157133
7453,0.2817894
7455,0.33602735
7456,0.38987553
7457,0.9143143
7466,0.40569794
7470,0.7696532
7474,0.36444446
7487,0.5942276
7488,0.36672428
7492,0.7075711
7496,0.33828977
7501,0.64630085
7505,0.5388355
7512,0.30226555
7526,0.6362988
7536,0.58721733
7538,0.65081495
7539,0.43862095
7544,0.71816415
7554,0.5155773
7564,0.3176274
7566,0.6424512
7580,0.6331353
7581,0.77057457
7584,0.36643553
7587,0.32667977
7589,0.39420444
7590,0.4221959
7594,0.601512
7597,0.35774872
7602,0.8853473
7603,0.34892118
7605,0.6565498
7609,0.38107705
7613,0.38068655
7619,0.26139656
7625,0.3001743
7626,0.40137187
7636,0.4017437
7639,0.7679975
7641,0.36299402
7643,0.817296
7644,0.31712806
7657,0.37840503
7661,0.79127544
7666,0.319815
7673,0.32352114
7683,0.31186545
7685,0.35896575
7699,0.32615808
7704,0.7104167
7705,0.5667266
7708,0.6097576
7728,0.30231065
7733,0.39918137
7741,0.4350038
7743,0.38204548
7745,0.36026195
7754,0.68403393
7756,0.31786197
7757,0.38905847
7770,0.6263476
7773,0.962515
7774,0.39451963
7776,0.66252697
7777,0.34631458
7778,0.37466425
7781,0.3553488
7784,0.3388863
7789,0.76391095
7794,0.5807756
7799,0.37048417
7801,0.6971789
7818,0.26871988
7823,0.35645676
7828,0.3761945
7832,0.3857115
7839,0.36705747
7851,0.73474175
7856,0.3696783
7868,0.3474766
7869,0.17619807
7872,0.352472
7874,0.3536124
7878,0.32202983
7888,0.3845955
7913,0.31767482
7923,0.39964944
7925,0.35696104
7926,0.6389096
7938,0.35800943
7942,0.7183707
7945,0.39867565
7954,0.63570917
7963,0.34191337
7969,0.39277217
7970,0.43571
7977,0.431002
7981,0.3205363
7990,0.2592968
8020,0.5951562
8023,0.35835958
8025,0.49226806
8034,0.40798232
8039,0.39823195
8046,0.3322901
8051,0.32678244
8055,0.35268262
8060,0.3902598
8063,0.34217328
8073,0.94892305
8074,0.3939924
8076,0.7378401
8080,0.38699454
8088,0.3444827
8102,0.5697618
8103,0.38733226
8104,0.38665855
8105,0.3398938
8109,0.27610102
8115,0.3906821
8121,0.63718665
8126,0.35147455
8135,0.8006919
8153,0.6615781
8156,0.29018956
8160,0.68249404
8161,0.38436398
8162,0.36404836
8171,0.3758735
8181,0.35511768
8183,0.362552
8185,0.27101314
8191,0.9360433
8203,0.27664915
8204,0.6749678
8207,0.63538414
8208,0.36331233
8209,0.607332
8210,0.31125265
8225,0.3542525
8226,0.36362106
8231,0.5996758
8233,0.186814
8244,0.72828054
8250,0.31441677
8261,0.38401985
8265,0.33643252
8278,0.38651317
8279,0.36416367
8280,0.29681516
8296,0.7439321
8299,0.399249
8300,0.4186777
8301,0.29723194
8305,0.45118585
8327,0.36994195
8334,0.41136438
8349,0.31228158
8355,0.33802384
8361,0.33633956
8362,0.3679187
8364,0.34513786
8365,0.34578502
8375,0.33296296
8378,0.68435776
8380,0.32173887
8381,0.35886908
8387,0.39776486
8399,0.75569904
8402,0.941784
8409,0.40220866
8433,0.6792459
8436,0.40979272
8442,0.35726106
8448,0.35511094
8464,0.3391629
8469,0.60312957
8474,0.6095552
8478,0.37479323
8482,0.37297237
8490,0.19964807
8510,0.36560202
8511,0.35036978
8527,0.36795452
8532,0.35773864
8533,0.3644829
8538,0.36262962
8541,0.42489427
8545,0.36063108
8553,0.3045969
8554,0.405437
8555,0.38524973
8569,0.3401759
8586,0.799945
8593,0.3871653
8600,0.96050745
8606,0.7725323
8607,0.32841668
8611,0.29044425
8613,0.66437256
8618,0.7558345
8630,0.30912295
8637,0.35529286
8650,0.3632418
8652,0.20352112
8661,0.35766232
8669,0.40064612
8673,0.40025213
8674,0.40844464
8678,0.7529014
8682,0.3821017
8688,0.2840372
8689,0.73722684
8695,0.35909006
8698,0.31126723
8703,0.3182413
8709,0.40131864
8716,0.42524916
8723,0.402327
8737,0.5540237
8753,0.37945548
8773,0.33693042
8774,0.36746162
8778,0.65918946
8786,0.5880529
8794,0.32727036
8795,0.59849787
8800,0.31438732
8804,0.3668025
8808,0.37222564
8809,0.2845187
8817,0.3628589
8818,0.33298674
8825,0.36856943
8830,0.3624508
8833,0.40226585
8834,0.31556112
8836,0.41801974
8837,0.37773663
8844,0.3279233
8851,0.3682737
8861,0.9049629
8864,0.38092786
8865,0.38916034
8869,0.31212804
8873,0.7563888
8880,0.80094886
8884,0.26917982
8888,0.3423008
8889,0.2853153
8891,0.7863619
8893,0.34158584
8897,0.44196627
8905,0.39389622
8910,0.6683581
8918,0.38117406
8939,0.35578296
8940,0.32177204
8941,0.36383712
8944,0.349226
8949,0.29462266
8950,0.36087504
8958,0.8053206
8967,0.7779768
8975,0.5303929
8979,0.34321347
8980,0.33441725
8991,0.28980622
8995,0.23320657
8996,0.36260757
8998,0.689075
9000,0.40160054
9001,0.66612554
9002,0.38856718
9024,0.38229698
9026,0.32920364
9027,0.28078136
9034,0.34466314
9038,0.3364095
9050,0.33968505
9052,0.79987526
9054,0.39968562
9078,0.77227056
9097,0.2796958
9109,0.31260255
9112,0.6965594
9115,0.40321565
9125,0.39084998
9132,0.2852281
9136,0.2862034
9139,0.32711092
9140,0.32376468
9142,0.61538535
9143,0.3132904
9147,0.5687989
9159,0.33161908
9165,0.6627087
9172,0.40515774
9177,0.3775962
9179,0.33710855
9185,0.37290418
9196,0.8989797
9201,0.41199133
9209,0.39468062
9210,0.64665693
9212,0.16487244
9214,0.4137155
9240,0.9340943
9241,0.3202495
9244,0.37367967
9249,0.31186846
9250,0.63929725
9255,0.37979725
9258,0.47834826
9263,0.3125487
9266,0.5735443
9269,0.2997469
9272,0.36597237
9276,0.6978975
9290,0.36824435
9299,0.37237403
9303,0.30493152
9310,0.11868703
9311,0.33120942
9314,0.33075228
9315,0.7916985
9325,0.37035018
9328,0.6047432
9329,0.40111387
9332,0.9402026
9337,0.41829306
9353,0.8291557
9355,0.32749775
9356,0.38630348
9362,0.75633824
9364,0.35410342
9366,0.3687477
9387,0.89861155
9388,0.95627636
9396,0.41685992
9400,0.2971182
9406,0.3788734
9411,0.36082828
9416,0.65284777
9417,0.78935796
9423,0.76579493
9425,0.36883554
9426,0.41538882
9427,0.31448242
9429,0.76682276
9430,0.7542399
9434,0.31392232
9442,0.42983058
9458,0.34555894
9476,0.36488912
9481,0.3911072
9483,0.44092125
9484,0.39913535
9487,0.7508069
9488,0.37799966
9490,0.34660876
9502,0.9226848
9505,0.33835074
9509,0.33408514
9515,0.43742612
9516,0.4134082
9532,0.29673043
9539,0.65857106
9542,0.33680147
9549,0.395691
9550,0.65071225
9553,0.33110312
9554,0.2207657
9561,0.34487703
9566,0.39960667
9571,0.3919427
9577,0.37805673
9584,0.39072698
9592,0.3668808
9596,0.7716244
9602,0.31398112
9603,0.34483874
9604,0.6874995
9608,0.69495285
9609,0.44443125
9613,0.4348287
9623,0.39345083
9630,0.9520242
9633,0.42545578
9648,0.39953116
9665,0.41963047
9668,0.37903482
9678,0.37364778
9679,0.34157768
9693,0.7796102
9718,0.77012825
9720,0.7812583
9744,0.33659583
9745,0.3349399
9746,0.68540096
9753,0.34556732
9758,0.3921005
9759,0.33476284
9763,0.37298986
9766,0.3323848
9767,0.3325554
9777,0.52147543
9781,0.37617642
9789,0.3540113
9790,0.296886
9799,0.30617014
9802,0.3131549
9805,0.68480664
9807,0.2870131
9812,0.29101282
9818,0.32510713
9820,0.79293966
9822,0.42829862
9824,0.3729045
9834,0.37549368
9836,0.21805847
9847,0.34219283
9864,0.90431523
9869,0.3334306
9875,0.38896346
9880,0.36305922
9889,0.7916522
9894,0.3712907
9909,0.88257277
9915,0.43487126
9919,0.33231047
9920,0.8055677
9940,0.7516172
9946,0.7261462
9958,0.7884464
9959,0.40130728
9973,0.65945345
9976,0.35261527
9978,0.4104966
9982,0.3919128
9987,0.32420325
9988,0.26666954
9992,0.38451737
10000,0.049192294
10002,0.750887
10005,0.39258087
10008,0.28725022
10009,0.38763252
10011,0.2968767
10021,0.2904692
10022,0.7387003
10053,0.3547906
10074,0.3736744
10076,0.40359208
10090,0.34612188
10092,0.2346375
10099,0.41415736
10102,0.37658557
10103,0.344576
10106,0.40220207
10108,0.81973344
10113,0.76672655
10119,0.3486357
10122,0.3531436
10125,0.3213195
10140,0.286347
10155,0.33697936
10159,0.37057152
10164,0.38863248
10175,0.39240557
10176,0.79070204
10178,0.37173557
10186,0.3679369
10200,0.3153298
10204,0.36297545
10206,0.3448596
10211,0.42174757
10212,0.4188896
10217,0.3996208
10220,0.450246
10230,0.44350585
10234,0.31714135
10235,0.3899285
10239,0.35301507
10240,0.35465595
10242,0.34263247
10245,0.3663787
10246,0.68909603
10247,0.37806946
10250,0.357566
10254,0.8517122
10257,0.44668028
10260,0.36988303
10261,0.83766514
10265,0.40657955
10273,0.2941239
10274,0.34541848
10277,0.3264119
10289,0.9161335
10290,0.3360161
10298,0.38771155
10301,0.39556336
10304,0.40131077
10305,0.39653426
10313,0.36475402
10320,0.36891773
10323,0.36838108
10328,0.3094828
10332,0.95371366
10336,0.96077573
10343,0.37729713
10348,0.3410432
10350,0.30058187
10351,0.3378411
10354,0.34376705
10372,0.289563
10373,0.66990364
10380,0.38421214
10383,0.27553234
10396,0.6704808
10397,0.50222206
10399,0.6812387
10400,0.48557568
10401,0.3429403
10402,0.31627893
10403,0.4936093
10410,0.9041113
10412,0.598957
10415,0.29262984
10424,0.38388616
10428,0.30525345
10432,0.37357375
10462,0.40243796
10477,0.33834785
10482,0.33917066
10484,0.37014538
10493,0.38011083
10495,0.3343835
10497,0.33045745
10516,0.38349786
10521,0.18198147
10522,0.7974398
10523,0.7593082
10528,0.3503479
10530,0.23316537
10532,0.58863896
10533,0.3800208
10543,0.84804016
10547,0.6432489
10552,0.40172213
10558,0.2936505
10571,0.3369068
10572,0.2645259
10574,0.2959536
10583,0.4339192
10600,0.325867
10607,0.6261356
10608,0.6159571
10614,0.15438253
10630,0.3630115
10634,0.4059353
10635,0.3784418
10641,0.7397376
10643,0.58138657
10644,0.3730744
10648,0.5545274
10669,0.3776502
10675,0.6170413
10686,0.7822169
10704,0.38724092
10707,0.38962364
10722,0.32384178
10736,0.7016092
10764,0.31238353
10767,0.7749734
10776,0.3431975
10779,0.4031923
10781,0.35808286
10792,0.6669029
10797,0.3863628
10798,0.37439382
10801,0.59212565
10802,0.5724496
10805,0.37937742
10808,0.3832849
10810,0.9129762
10816,0.33720323
10817,0.37832206
10829,0.6818211
10843,0.31928647
10858,0.387238
10866,0.3925189
10876,0.4034619
10887,0.30464175
10891,0.3168434
10896,0.40566796
10900,0.7770443
10905,0.23808882
10907,0.33741716
10917,0.2605848
10936,0.38014618
10947,0.37455603
10948,0.63274366
10951,0.3705629
10955,0.33729324
10969,0.40350914
10984,0.3990629
10987,0.38518637
10990,0.32880092
10992,0.31694528
10996,0.39411193
10997,0.4116002
10999,0.35424894
11000,0.68535185
11001,0.4101235
11010,0.4038228
11016,0.4288587
11018,0.79273516
11034,0.9132198
11039,0.426648
11041,0.3358042
11047,0.35798445
11053,0.5688779
11055,0.30479866
11056,0.3721802
11065,0.28443125
11068,0.69332266
11070,0.36336806
11071,0.6462412
11072,0.401105
11079,0.39449915
11091,0.36228025
11094,0.28021136
11112,0.41012755
11113,0.38497674
11128,0.26048937
11153,0.6197569
11154,0.117054336
11163,0.37025204
11179,0.29385066
11181,0.25605482
11206,0.18191236
11216,0.32460302
11221,0.38707903
11223,0.678706
11228,0.78176826
11235,0.37990084
11237,0.36994687
11244,0.28451118
11256,0.38929427
11267,0.35585758
11272,0.6694317
11281,0.35823223
11285,0.33048052
11288,0.38602382
11291,0.3633177
11293,0.40762952
11297,0.34826657
11298,0.32944134
11299,0.4006938
11301,0.37158987
11309,0.69813615
11331,0.38915303
11332,0.42008886
11337,0.3743311
11343,0.8401017
11347,0.36334074
11348,0.6636862
11355,0.94633025
11368,0.28770992
11369,0.73476475
11371,0.7909375
11378,0.64456075
11384,0.39937735
11387,0.37258756
11393,0.29059052
11399,0.39888868
11412,0.7716678
11431,0.37455383
11432,0.36981025
11444,0.91306454
11450,0.966209
11451,0.6253314
11476,0.33934283
11488,0.38748243
11495,0.6251169
11505,0.32982013
11508,0.9136697
11518,0.41856715
11522,0.2113174
11524,0.4326428
11533,0.40748683
11549,0.32194483
11551,0.95915043
11560,0.34498718
11563,0.3708266
11565,0.6596048
11567,0.3692139
11569,0.39353073
11598,0.5272049
11604,0.6471739
11611,0.40510884
11617,0.46261996
11626,0.34632972
11642,0.39914605
11643,0.29196292
11648,0.35056382
11651,0.36743253
11663,0.3558771
11666,0.36134556
11685,0.40862727
11686,0.6137378
11698,0.29619148
11708,0.39622748
11711,0.34406972
11718,0.32884288
11742,0.33716613
11761,0.7582562
11767,0.38614044
11768,0.36253166
11775,0.59211767
11779,0.35641176
11786,0.9192013
11790,0.7196871
11791,0.38674504
11796,0.0496284
11806,0.61592937
11810,0.392347
11811,0.3818369
11814,0.9161049
11816,0.38533312
11820,0.44092292
11822,0.34333405
11829,0.50634515
11832,0.37022734
11834,0.7053382
11836,0.31089008
11837,0.3682661
11844,0.74748254
11847,0.65775204
11864,0.6784771
11865,0.61664444
11872,0.38035312
11873,0.3599582
11886,0.38573116
11894,0.2763097
11905,0.32099023
11906,0.22324605
11907,0.36288568
11912,0.38590392
11914,0.6568249
11918,0.41398427
11924,0.40446988
11929,0.92075497
11930,0.39096335
11936,0.3599565
11937,0.37360272
11954,0.36938608
11957,0.28281355
11964,0.27035746
11968,0.20194928
11972,0.34587127
11976,0.4057681
11979,0.21123458
11981,0.3690602
11983,0.39401492
11989,0.19496849
11991,0.4291801
11998,0.40740812
12003,0.41032842
12007,0.41967243
12011,0.6411331
12014,0.37353754
12024,0.31687173
12033,0.39543962
12034,0.38817573
12041,0.3377951
12046,0.3807855
12056,0.30275908
12064,0.36859056
12069,0.30341852
12070,0.3173972
12071,0.3445687
12072,0.28142253
12078,0.3364983
12091,0.6695758
12092,0.37624836
12094,0.33321923
12098,0.3592461
12103,0.3605016
12115,0.6829301
12118,0.37540066
12122,0.55754113
12125,0.9188336
12133,0.34118313
12137,0.39479056
12141,0.35587263
12143,0.34791985
12144,0.7959855
12154,0.35397777
12163,0.3613633
12170,0.63987523
12193,0.344654
12196,0.37430462
12206,0.39684156
12209,0.34050176
12214,0.38388816
12228,0.3696111
12233,0.6829291
12238,0.36842707
12242,0.34544107
12245,0.64278907
12247,0.3361657
12251,0.3766853
12287,0.39635882
12292,0.75242513
12304,0.38460588
12317,0.72375447
12320,0.6976596
12323,0.77264184
12328,0.39622343
12333,0.77115446
12334,0.3443439
12335,0.55997056
12352,0.4227814
12358,0.33501917
12364,0.38851544
12376,0.30734015
12396,0.38632354
12402,0.9487215
12406,0.35116258
12408,0.33163086
12410,0.91174644
12413,0.6576826
12417,0.33453727
12424,0.630186
12425,0.33317643
12426,0.33430487
12430,0.35993984
12432,0.6128813
12433,0.36258516
12451,0.23406728
12457,0.58234084
12465,0.37881145
12468,0.6147044
12474,0.40104997
12475,0.37955487
12486,0.41268018
12487,0.6323518
12514,0.35685122
12524,0.96268964
12526,0.35914138
12530,0.39200732
12532,0.23177335
12593,0.32698536
12599,0.4077887
12600,0.39642864
12603,0.38495418
12624,0.9520335
12630,0.3714207
12638,0.4088491
12641,0.6489982
12643,0.69285524
12656,0.337902
12666,0.75634015
12673,0.7913297
12675,0.30785316
12678,0.77765596
12692,0.051840756
12693,0.862205
12707,0.3388794
12711,0.76170653
12716,0.29452938
12717,0.6662698
12723,0.42191312
12738,0.31876677
12742,0.3501991
12746,0.37934652
12753,0.40517637
12758,0.36203793
12760,0.30787218
12763,0.36657256
12764,0.33030027
12768,0.37248552
12776,0.31616873
12777,0.37878773
12783,0.8839031
12804,0.30331367
12824,0.388071
12839,0.3280442
12847,0.38028845
12850,0.95109767
12867,0.7852216
12883,0.3063086
12887,0.3638118
12890,0.26967403
12903,0.6350849
12906,0.3420561
12907,0.21593715
12909,0.25270036
12912,0.30049777
12915,0.28550297
12930,0.7288806
12931,0.5764137
12934,0.68940896
12951,0.38291183
12955,0.37770808
12973,0.36208147
12988,0.3480734
12999,0.38344434
13015,0.61159134
13026,0.71613526
13036,0.38187644
13039,0.35992384
13040,0.3140529
13041,0.43209097
13043,0.90197515
13057,0.29531226
13064,0.3791871
13068,0.7545454
13069,0.6317683
13073,0.57722044
13079,0.75833803
13086,0.32703346
13089,0.70279974
13093,0.38767543
13097,0.78366274
13098,0.30456346
13105,0.3602614
13107,0.6242072
13108,0.6766295
13110,0.398577
13112,0.7744441
13114,0.39080167
13118,0.40092418
13127,0.3513841
13129,0.3433577
13142,0.9531972
13146,0.38724375
13149,0.33132067
13157,0.34193295
13158,0.76315093
13159,0.77021694
13161,0.29328436
13162,0.3666294
13166,0.34518817
13168,0.35817292
13170,0.907539
13186,0.54224926
13191,0.4178844
13203,0.37772578
13209,0.32532838
13212,0.3497142
13213,0.35542378
13222,0.30033055
13229,0.62380046
13234,0.6298386
13257,0.6956748
13258,0.38148966
13268,0.3068175
13270,0.37349227
13291,0.3514586
13292,0.5921781
13299,0.3724724
13307,0.9623579
13309,0.29277012
13311,0.39145026
13312,0.3912474
13322,0.36840683
13324,0.79599494
13330,0.41161054
13338,0.28682742
13344,0.77241164
13348,0.2991116
13355,0.5800011
13365,0.9452211
13368,0.36110333
13370,0.42936242
13372,0.62016785
13377,0.72128844
13385,0.6331484
13389,0.39619514
13393,0.3771633
13395,0.39385352
13404,0.29639938
13411,0.4286542
13416,0.38794458
13434,0.39143753
13435,0.7540529
13445,0.3598612
13446,0.37661806
13451,0.69517344
13462,0.58935344
13464,0.3305299
13466,0.31139818
13471,0.37549168
13472,0.8361213
13477,0.24659954
13481,0.2918586
13484,0.82077736
13490,0.35183737
13492,0.76404023
13500,0.26022387
13508,0.35653207
13516,0.36259544
13525,0.2147571
13526,0.3734352
13530,0.7528406
13532,0.3615682
13538,0.3732183
13546,0.4026315
13548,0.40751725
13550,0.7981758
13551,0.40621585
13564,0.40713808
13566,0.7755238
13570,0.40238717
13580,0.42006367
13585,0.27590623
13588,0.16949837
13592,0.40305066
13594,0.3619435
13609,0.32926705
13610,0.77153766
13613,0.35056442
13625,0.39455095
13626,0.6794144
13639,0.7620875
13645,0.8586633
13647,0.6090784
13648,0.1714011
13652,0.65041983
13654,0.77317697
13664,0.38226694
13673,0.3648429
13684,0.34117323
13690,0.354937
13693,0.29189935
13696,0.2991879
13700,0.7208302
13701,0.3335498
13707,0.67059404
13713,0.2854612
13714,0.30821943
13716,0.6530076
13720,0.30514008
13727,0.37089267
13733,0.35937852
13738,0.30214083
13757,0.39702737
13759,0.6727297
13761,0.40143374
13767,0.26428103
13782,0.38770583
13786,0.38019738
13787,0.3911004
13792,0.27436033
13795,0.74041563
13798,0.34034774
13807,0.056442834
13809,0.35917282
13811,0.37356022
13815,0.3826547
13817,0.27837214
13818,0.27971223
13822,0.34367698
13824,0.36021304
13829,0.2630126
13832,0.893567
13840,0.61314964
13841,0.6180409
13868,0.36777538
13871,0.9204041
13880,0.3902729
13888,0.651825
13890,0.7343188
13891,0.37865666
13895,0.36330992
13907,0.30886266
13910,0.74819916
13912,0.7793333
13913,0.34037033
13923,0.6642754
13929,0.42250234
13936,0.40778646
13946,0.2817549
13950,0.3193759
13951,0.33584154
13954,0.3479721
13958,0.73861015
13969,0.5728979
13980,0.34284836
13981,0.3995051
13986,0.370724
13987,0.33036807
13989,0.6695874
13992,0.3577604
13994,0.36696154
14001,0.6777701
14002,0.3997246
14004,0.3807932
14006,0.37560126
14012,0.67138827
14021,0.37199098
14024,0.7658099
14045,0.34696248
14047,0.72383934
14057,0.36777875
14059,0.3353601
14060,0.36319494
14068,0.29037508
14070,0.54329836
14074,0.51655847
14076,0.6098236
14089,0.30128944
14115,0.41352257
14116,0.3366447
14128,0.6692738
14131,0.35801414
14134,0.6389666
14137,0.6030867
14138,0.38099337
14139,0.7536952
14152,0.3970212
14153,0.8678455
14155,0.39858425
14156,0.78079283
14164,0.34167206
14165,0.4781547
14171,0.3248628
14174,0.36633018
14181,0.4357445
14186,0.74919957
14192,0.5784077
14201,0.6076522
14210,0.6445339
14214,0.2913938
14231,0.38168827
14236,0.30956453
14241,0.4171159
14245,0.3578647
14249,0.3223924
14251,0.36679965
14262,0.36930984
14265,0.28792626
14267,0.5738401
14270,0.91353667
14276,0.6953619
14279,0.5715969
14281,0.27323812
14289,0.316845
14290,0.3014107
14293,0.63138586
14295,0.6430684
14297,0.42357475
14298,0.43474004
14310,0.30121583
14312,0.7730737
14315,0.76774895
14318,0.5915682
14319,0.60376596
14325,0.64461684
14331,0.37894332
14334,0.3255676
14341,0.5887821
14343,0.9505116
14344,0.36469567
14346,0.38796535
14347,0.32700503
14349,0.3581603
14352,0.3192004
14358,0.31873542
14361,0.38825235
14363,0.65855974
14374,0.5284472
14376,0.43486732
14381,0.5651144
14398,0.3776259
14410,0.38666445
14412,0.34160528
14415,0.4594362
14423,0.6387353
14425,0.4082284
14436,0.3694686
14444,0.3437216
14455,0.6588859
14465,0.3552062
14469,0.43567073
14471,0.3088959
14475,0.36272162
14479,0.34264663
14480,0.37316835
14488,0.55741936
14491,0.7228155
14501,0.36681458
14520,0.7587614
14522,0.60871243
14523,0.3232142
14537,0.7251685
14538,0.6504682
14550,0.33268595
14561,0.35315526
14575,0.42159986
14586,0.35879707
14592,0.4448505
14601,0.7520773
14602,0.3582824
14604,0.39881465
14606,0.34270364
14627,0.3558516
14641,0.61434525
14652,0.31894377
14662,0.76586723
14665,0.56363106
14673,0.59729683
14675,0.34896237
14679,0.6181721
14683,0.38663295
14686,0.34712002
14705,0.47211456
14708,0.34197292
14709,0.555128
14710,0.3189719
14715,0.6021699
14717,0.40554276
14723,0.35557935
14725,0.30093133
14727,0.64453286
14728,0.3328112
14735,0.33593568
14746,0.3695707
14752,0.4874578
14757,0.26292655
14762,0.3576702
14763,0.3277263
14797,0.34284902
14812,0.32981232
14818,0.6580696
14825,0.39186126
14827,0.3720261
14829,0.3539775
14830,0.36271948
14837,0.35828236
14849,0.39430854
14863,0.35400817
14869,0.36093682
14882,0.2986848
14884,0.63530225
14886,0.6278643
14888,0.7649024
14890,0.28706986
14904,0.33559638
14938,0.40524873
14952,0.33581683
14958,0.63253653
14963,0.37836418
14979,0.3347633
14980,0.31938434
14986,0.4993452
14988,0.36178747
15003,0.33548382
15006,0.6695963
15009,0.9518358
15015,0.5901845
15024,0.37886745
15030,0.62367463
15036,0.38561577
15038,0.6031775
15039,0.4232238
15047,0.7759095
15049,0.3224338
15056,0.95586413
15068,0.3556982
15070,0.36376846
15073,0.31255472
15081,0.3903343
15084,0.2893838
15088,0.9547639
15092,0.2878192
15095,0.347652
15097,0.3647391
15098,0.3456674
15115,0.67061245
15120,0.77883965
15126,0.2876141
15133,0.6330124
15143,0.35322228
15156,0.46060038
15164,0.23277812
15178,0.39609292
15198,0.79166514
15200,0.7393795
15208,0.04772978
15214,0.34716552
15218,0.7058546
15231,0.3313074
15238,0.32537293
15239,0.33810222
15240,0.36192143
15249,0.31107196
15256,0.32786772
15260,0.63219106
15290,0.4284444
15307,0.961954
15308,0.6238675
15321,0.74321085
15323,0.6844872
15325,0.3289301
15342,0.6526041
15346,0.4120856
15349,0.40033782
15354,0.3893182
15362,0.38307428
15379,0.27404657
15383,0.38380972
15394,0.3348512
15401,0.58736867
15405,0.36161143
15407,0.35547304
15412,0.5333828
15413,0.51266515
15415,0.62257725
15427,0.7779988
15430,0.65493554
15436,0.6292224
15439,0.31538838
15443,0.32729143
15444,0.71856004
15445,0.79837286
15450,0.32910055
15456,0.77453405
15465,0.3851061
15466,0.2925202
15470,0.3402459
15474,0.62112266
15476,0.36978036
15482,0.30662838
15492,0.3725753
15510,0.60028595
15519,0.38150346
15523,0.18325202
15535,0.64148724
15561,0.91061586
15564,0.6291114
15566,0.3103342
15579,0.35685602
15580,0.6126899
15581,0.3665804
15587,0.37266776
15589,0.3772965
15591,0.35842332
15597,0.35054782
15620,0.67063624
15627,0.58506197
15636,0.73832816
15653,0.34681097
15662,0.91056526
15664,0.37480828
15666,0.5684834
15667,0.28799757
15674,0.6331468
15692,0.3262477
15715,0.28357226
15736,0.63265693
15744,0.7323073
15746,0.30750138
15758,0.36892956
15760,0.27120927
15766,0.31567353
15767,0.35152414
15789,0.72976637
15810,0.27746317
15818,0.28119308
15820,0.21637765
15830,0.38204202
15844,0.35955238
15850,0.24629822
15857,0.3601286
15863,0.9390375
15869,0.2915626
15872,0.29541942
15873,0.48518652
15884,0.249184
15885,0.72297746
15891,0.7509844
15898,0.37438816
15900,0.28933725
15932,0.32990175
15940,0.3451999
15944,0.2711811
15945,0.29146087
15963,0.63889825
15970,0.33451343
15977,0.43734762
15982,0.24427646
15985,0.36990133
15995,0.36529666
16004,0.31646693
16005,0.4136387
16011,0.3052309
16019,0.6793392
16021,0.35726768
16051,0.7289657
16065,0.44233784
16066,0.26758593
16076,0.45192692
16091,0.33298498
16094,0.43762118
16101,0.29187584
16104,0.7377467
16113,0.7294255
16114,0.6120811
16115,0.7476294
16127,0.6230555
16128,0.34304968
16138,0.7067855
16139,0.67824495
16142,0.35690713
16144,0.5659853
16148,0.7034869
16151,0.36005262
16156,0.59437394
16165,0.5620056
16166,0.28848013
16179,0.70918405
16193,0.5476421
16196,0.49604094
16198,0.38433698
16210,0.6389057
16232,0.4651418
16237,0.30501485
16240,0.5607351
16252,0.59405065
16259,0.31448123
16262,0.4640364
16263,0.34273976
16270,0.4626805
16272,0.38043195
16290,0.34209716
16295,0.78143734
16297,0.3552784
16299,0.32836866
16300,0.27415612
16302,0.3498629
16303,0.5183023
16305,0.58205235
16309,0.35517946
16312,0.38232422
16320,0.28408855
16326,0.30416176
16327,0.37181437
16338,0.35914445
16342,0.32782876
16346,0.5365467
16348,0.34596205
16355,0.5436067
16356,0.54219556
16378,0.66464823
16382,0.27720785
16391,0.36098716
16392,0.40291086
16395,0.7635563
16399,0.34622324
16403,0.37617597
16408,0.32184792
16413,0.33286712
16415,0.28866187
16417,0.61336803
16420,0.35177654
16431,0.33006138
16439,0.6323395
16444,0.742358
16446,0.063851856
16451,0.5640784
16454,0.29630828
16461,0.36468005
16462,0.38950127
16469,0.38211626
16484,0.33898163
16486,0.70884985
16487,0.34517214
16491,0.4128953
16494,0.3722674
16507,0.4685052
16508,0.27487236
16519,0.3486737
16523,0.32582852
16526,0.7232202
16530,0.3347645
16532,0.7517509
16542,0.2884877
16550,0.71695507
16555,0.37738186
16558,0.3206095
16567,0.7195908
16576,0.39314637
16579,0.36098304
16595,0.5620884
16598,0.2981577
16600,0.3225752
16604,0.6263823
16605,0.6727141
16607,0.60047626
16610,0.3769572
16612,0.94504
16617,0.6396691
16625,0.6735518
16632,0.63231355
16634,0.62996966
16650,0.31260946
16654,0.39537522
16655,0.40175548
16656,0.33030412
16657,0.53584105
16660,0.5247022
16662,0.45451638
16669,0.34375468
16675,0.6867245
16676,0.3124529
16678,0.35215652
16679,0.37523195
16693,0.3398211
16701,0.2701547
16715,0.36697307
16722,0.59768015
16724,0.53702
16727,0.5843331
16735,0.37909624
16741,0.31072605
16752,0.26673278
16758,0.35042822
16765,0.349025
16771,0.32103285
16785,0.11360904
16793,0.5279613
16800,0.4149143
16805,0.32608214
16809,0.26422074
16820,0.54121166
16827,0.5061565
16830,0.46073937
16843,0.9528008
16847,0.28924468
16855,0.7084275
16860,0.6852978
16862,0.63856816
16863,0.34413138
16872,0.20489532
16874,0.27492186
16876,0.36929375
16893,0.37300852
16895,0.4491653
16914,0.4768936
16917,0.33899894
16926,0.3721412
16930,0.49364093
16931,0.33597225
16932,0.32462874
16934,0.30152658
16937,0.35857633
16941,0.34123293
16942,0.9281188
16957,0.4054957
16962,0.63262874
16967,0.7239356
16968,0.7348481
16972,0.32640055
16974,0.2790256
16984,0.37971124
16987,0.353797
16994,0.7477844
16995,0.57616836
16999,0.3415407
17034,0.55008787
17038,0.3452928
17040,0.3097089
17050,0.21271476
17068,0.3294007
17077,0.30143884
17079,0.6877521
17082,0.67512065
17085,0.6325011
17087,0.36601728
17099,0.72970307
17105,0.34392342
17108,0.29318485
17110,0.2936036
17111,0.35465798
17123,0.49811858
17124,0.4082421
17130,0.62931246
17138,0.32041213
17143,0.7436691
17157,0.26431066
17160,0.7764525
17166,0.3835387
17167,0.30054584
17179,0.5029802
17180,0.3149854
17189,0.5966217
17197,0.7027095
17219,0.5524837
17223,0.30121285
17225,0.7109722
17229,0.6494518
17234,0.3708614
17235,0.29765993
17239,0.3778695
17242,0.36579967
17243,0.37095484
17246,0.59162587
17247,0.31980014
17255,0.27289897
17258,0.47766262
17260,0.44463167
17264,0.5302756
17270,0.3720013
17271,0.3754212
17272,0.37841797
17285,0.34777647
17294,0.3246941
17297,0.36291614
17298,0.616243
17299,0.3690114
17306,0.27062258
17324,0.31218237
17326,0.31253752
17330,0.3627057
17345,0.35423973
17351,0.7142392
17352,0.30102736
17372,0.27597708
17381,0.5230105
17385,0.57142746
17388,0.28719074
17390,0.5612034
17392,0.7228097
17399,0.25257072
17404,0.34834835
17407,0.2720291
17408,0.4854087
17416,0.67794913
17418,0.34551474
17434,0.7631048
17438,0.68538105
17443,0.66887647
17444,0.35354364
17453,0.46807626
17460,0.56064075
17467,0.40582865
17480,0.3850625
17488,0.691154
17490,0.3193328
17493,0.35507035
17498,0.3358783
17503,0.32500494
17513,0.34744048
17520,0.70774037
17525,0.5737695
17534,0.32140002
17545,0.39464977
17553,0.36135736
17554,0.34727177
17557,0.33614734
17563,0.5654467
17576,0.354388
17577,0.35530144
17580,0.7281185
17582,0.32809693
17596,0.3942553
17597,0.36521032
17602,0.6787583
17614,0.6012233
17623,0.49335966
17624,0.69749624
17627,0.6744714
17628,0.3662561
17630,0.32815036
17634,0.77676684
17640,0.34375057
17652,0.50652856
17657,0.2872648
17661,0.2841681
17662,0.38194126
17666,0.31260887
17682,0.7321468
17688,0.5444304
17693,0.5234987
17705,0.3766595
17711,0.35727146
17715,0.34589797
17717,0.36545587
17721,0.29279107
17728,0.24922329
17737,0.37084883
17745,0.37563094
17755,0.3464095
17764,0.7363448
17774,0.36476484
17785,0.27251965
17786,0.6795452
17789,0.37180218
17802,0.34237558
17810,0.66520673
17819,0.7681984
17825,0.2834897
17828,0.33175912
17833,0.2799756
17841,0.7182314
17842,0.38304588
17844,0.29486555
17849,0.36461827
17855,0.37815768
17857,0.8659804
17861,0.33457926
17863,0.33733782
17868,0.330666
17876,0.56618667
17882,0.33387187
17885,0.33969438
17893,0.375666
17894,0.2930197
17902,0.761716
17906,0.34474334
17911,0.5006693
17917,0.3198963
17921,0.27528623
17941,0.32707974
17945,0.28105658
17949,0.2845423
17954,0.35533512
17957,0.34731025
17958,0.71251106
17960,0.33030045
17985,0.71216166
18000,0.48517814
18002,0.5464834
18008,0.27417627
18014,0.32987162
18015,0.9492036
18019,0.25568616
18021,0.3520064
18026,0.23894961
18029,0.35086665
18034,0.61342
18035,0.33123517
18036,0.4178561
18039,0.6927993
18066,0.32170182
18076,0.38152876
18089,0.27610648
18104,0.3181505
18110,0.3515834
18129,0.6324516
18131,0.7357505
18133,0.31144008
18136,0.33877993
18148,0.48880982
18152,0.047363967
18167,0.7181067
18177,0.32003874
18178,0.3594811
18183,0.32061478
18194,0.5650446
18197,0.6064194
18213,0.25897652
18214,0.28139368
18221,0.19313753
18227,0.23419729
18239,0.6937554
18245,0.33305025
18266,0.26491767
18267,0.50916684
18274,0.15038615
18283,0.3440289
18297,0.2925215
18302,0.26977602
18303,0.60118085
18315,0.38633838
18324,0.31957963
18326,0.61567026
18334,0.2715207
18336,0.36874744
18344,0.3451594
18346,0.380682
18347,0.28811353
18350,0.3808595
18352,0.5340397
18364,0.58312416
18366,0.37795264
18373,0.3296616
18391,0.29231334
18393,0.3182723
18395,0.56618065
18400,0.72197443
18408,0.35743976
18421,0.55730015
18425,0.5602857
18443,0.30761045
18451,0.32307202
18456,0.36433065
18458,0.6735595
18460,0.3030326
18467,0.42335063
18468,0.37087664
18475,0.43119106
18485,0.2244497
18494,0.6214323
18495,0.8855925
18508,0.5517673
18530,0.36995414
18533,0.34799486
18547,0.26935697
18548,0.33470076
18553,0.335606
18561,0.36448216
18565,0.6809753
18572,0.3362642
18593,0.31261855
18600,0.2981558
18621,0.5391148
18629,0.6745142
18637,0.3436664
18649,0.33406428
18653,0.7107094
18660,0.22641689
18671,0.23445718
18672,0.23165922
18677,0.29604897
18681,0.88745284
18684,0.7910872
18686,0.27237287
18689,0.46775064
18690,0.52336586
18709,0.562254
18716,0.757673
18723,0.56804097
18773,0.29058912
18782,0.37743542
18797,0.5718503
18810,0.34341282
18817,0.58115983
18820,0.7444437
18825,0.29509884
18837,0.53199303
18850,0.7012714
18857,0.4495626
18861,0.6410513
18867,0.32874343
18870,0.25098217
18877,0.6174053
18887,0.41979244
18898,0.33639082
18900,0.5404087
18914,0.5343613
18921,0.42175198
18922,0.6653973
18945,0.33694616
18947,0.5787254
18953,0.467621
18954,0.35723996
18957,0.5515568
18960,0.7106916
18973,0.17956084
18983,0.44502023
18990,0.24720669
18991,0.2372074
18993,0.34434602
18995,0.2888425
18996,0.3090984
19003,0.2490279
19014,0.36111096
19015,0.35366172
19019,0.7023493
19028,0.32677323
19038,0.49768713
19040,0.42790768
19046,0.31821802
19051,0.30003062
19054,0.9183606
19056,0.3620351
19074,0.33793405
19085,0.62927425
19099,0.8517966
19124,0.29575276
19134,0.5471702
19141,0.1438791
19146,0.5907315
19150,0.3093666
19170,0.33193544
19176,0.37029144
19187,0.40616962
19189,0.3785961
19202,0.572701
19208,0.36605895
19209,0.3194345
19210,0.7604594
19216,0.35693154
19217,0.29427063
19218,0.781529
19223,0.29560938
19240,0.2650971
19246,0.4622662
19269,0.38571194
19275,0.60961133
19287,0.3244169
19298,0.4109436
19303,0.3363795
19313,0.5732228
19325,0.32078376
19326,0.3517786
19328,0.39253947
19330,0.36902615
19340,0.59172946
19342,0.3356353
19343,0.34115043
19344,0.5664963
19363,0.30292884
19364,0.5805583
19371,0.14932998
19376,0.30072257
19377,0.34485927
19381,0.36535272
19384,0.4844556
19390,0.49433595
19402,0.3111399
19405,0.3176407
19409,0.28797323
19418,0.71030545
19429,0.47840768
19446,0.5775709
19458,0.6283361
19460,0.68529874
19462,0.63331825
19465,0.35456654
19472,0.46432507
19480,0.35838124
19503,0.6608974
19507,0.56003827
19517,0.37014452
19533,0.3668173
19537,0.2645211
19541,0.34867728
19563,0.31328097
19566,0.68607986
19568,0.50743055
19576,0.36482486
19591,0.38015848
19597,0.6422317
19619,0.58845234
19622,0.71221054
19623,0.3648399
19624,0.36041936
19627,0.3763515
19629,0.29453173
19633,0.31936184
19639,0.29487178
19641,0.30947387
19643,0.31192684
19649,0.2866623
19652,0.65653515
19657,0.35446173
19660,0.69919735
19668,0.9426606
19678,0.3481398
19686,0.63902324
19690,0.31078354
19694,0.39380482
19695,0.32060874
19702,0.63250405
19712,0.4073561
19720,0.6947131
19735,0.65137124
19739,0.33777413
19740,0.66036874
19743,0.3472463
19750,0.34367466
19752,0.65513337
19754,0.30164573
19762,0.52378786
19770,0.33231908
19775,0.50099224
19777,0.33879882
19782,0.3412001
19783,0.7093227
19786,0.35019654
19805,0.3113933
19808,0.28115472
19819,0.7295671
19821,0.3113828
19827,0.3272062
19830,0.5534409
19832,0.54287124
19833,0.29187188
19834,0.35961458
19843,0.3817406
19844,0.2995193
19846,0.3107797
19847,0.3244445
19850,0.73888505
19851,0.34461078
19861,0.705887
19873,0.51112145
19878,0.31092316
19886,0.2980084
19892,0.6978945
19901,0.29047912
19902,0.535736
19920,0.78992873
19921,0.30011252
19922,0.285481
19929,0.77075374
19932,0.49007857
19935,0.33417943
19936,0.56496507
19946,0.74825305
19950,0.47590593
19952,0.52377003
19955,0.46187606
19976,0.26241177
19983,0.55498683
19987,0.31976593
19991,0.85706925
19996,0.58000296
20007,0.6582238
20015,0.36612713
20019,0.33041963
20023,0.3738393
20034,0.36792225
20036,0.34174833
20038,0.36553606
20039,0.38076037
20040,0.59500545
20045,0.48157662
20046,0.55242604
20048,0.36603636
20060,0.42935565
20068,0.19337553
20074,0.80528307
20111,0.3136484
20117,0.30907893
20125,0.33819598
20129,0.59411705
20134,0.31671628
20135,0.22879359
20139,0.33120987
20142,0.4133157
20147,0.5947602
20154,0.70873815
20157,0.27427202
20169,0.16085991
20179,0.27510363
20202,0.27568397
20207,0.46315578
20215,0.35186794
20216,0.8578846
20217,0.68022853
20218,0.66426486
20219,0.53666395
20226,0.32109493
20236,0.31242496
20239,0.29905397
20246,0.32306162
20247,0.271595
20253,0.5580113
20255,0.24809277
20268,0.34417474
20270,0.7110468
20271,0.3275945
20279,0.55725944
20282,0.6632365
20295,0.3272027
20302,0.40513808
20305,0.59799695
20306,0.5870586
20308,0.3058784
20330,0.6487444
20335,0.4711947
20344,0.27140674
20349,0.73666656
20360,0.34568205
20362,0.6802439
20378,0.58687603
20394,0.31016374
20397,0.73886985
20403,0.26378787
20405,0.6958136
20415,0.28939486
20417,0.32726696
20420,0.3030359
20425,0.46615466
20430,0.6273463
20435,0.5326716
20443,0.4950924
20446,0.4684413
20458,0.340143
20459,0.5870849
20467,0.28477928
20470,0.7624607
20482,0.5779037
20489,0.5676993
20495,0.34680122
20496,0.3739476
20497,0.62149423
20505,0.42544037
20509,0.7828973
20535,0.36603323
20539,0.70506656
20544,0.6054326
20547,0.36638233
20556,0.22830935
20557,0.5958469
20575,0.36344346
20577,0.32227165
20596,0.26646504
20597,0.40562558
20602,0.3427172
20603,0.40618527
20609,0.666302
20618,0.35905078
20621,0.60710305
20628,0.13823345
20634,0.47838482
20637,0.35098568
20641,0.34558597
20642,0.44990847
20647,0.381264
20655,0.5544725
20656,0.25209862
20661,0.29737028
20664,0.71208453
20674,0.7483848
20679,0.7076907
20680,0.3255923
20683,0.8500578
20687,0.36630687
20688,0.9253968
20695,0.33309048
20696,0.34308746
20699,0.32106787
20701,0.2773048
20702,0.2552728
20704,0.31217507
20721,0.3385344
20725,0.336422
20731,0.34795406
20741,0.40080503
20742,0.3177177
20753,0.53561604
20756,0.2957008
20769,0.24548794
20771,0.47392896
20774,0.3287527
20777,0.35115293
20781,0.3486453
20797,0.6645019
20808,0.513169
20810,0.52747786
20820,0.44470945
20823,0.91396505
20829,0.8544681
20832,0.34123775
20833,0.34562376
20837,0.31957757
20838,0.24446397
20839,0.30484536
20847,0.33153358
20861,0.29466122
20869,0.9458725
20875,0.27152777
20877,0.4402794
20889,0.32399586
20894,0.6544637
20901,0.5625973
20919,0.27356434
20923,0.32354173
20935,0.67996365
20937,0.31061435
20939,0.8708917
20940,0.3294649
20943,0.29765552
20946,0.585914
20950,0.5245937
20961,0.71188587
20965,0.32637686
20967,0.539465
20969,0.31234306
20970,0.35793966
20975,0.5568553
20987,0.5150456
20995,0.5868397
20998,0.7345353
21002,0.26924768
21012,0.92873996
21013,0.712501
21015,0.3255724
21017,0.31087038
21020,0.30221328
21028,0.28253108
21031,0.35205734
21036,0.29405096
21040,0.3088783
21048,0.54838526
21049,0.3141543
21051,0.523891
21070,0.28292692
21072,0.5319505
21079,0.526841
21090,0.54308414
21093,0.33669132
21104,0.28045735
21114,0.34411252
21117,0.29742697
21120,0.30138364
21121,0.33870012
21132,0.2531178
21136,0.4933846
21139,0.57642657
21140,0.3101638
21146,0.6081378
21150,0.5058094
21178,0.52124614
21180,0.7639848
21198,0.36168718
21203,0.34653056
21210,0.3400761
21218,0.34325394
21220,0.3424359
21222,0.15622199
21228,0.38518634
21236,0.51120424
21239,0.2752864
21260,0.34954828
21267,0.25407627
21271,0.29715973
21279,0.27126455
21286,0.3256129
21288,0.39270586
21294,0.5397183
21298,0.2922606
21299,0.5208962
21300,0.6803114
21304,0.3373366
21307,0.33844227
21309,0.16825901
21311,0.28064644
21331,0.3149694
21332,0.75220484
21342,0.45372826
21345,0.66316044
21348,0.6553454
21353,0.49791092
21357,0.25118712
21369,0.50235665
21370,0.6150926
21371,0.3373843
21373,0.19039421
21385,0.57545424
21392,0.3639339
21401,0.3941412
21403,0.27680573
21406,0.41810116
21413,0.45059228
21414,0.4713378
21416,0.48359537
21423,0.7222798
21442,0.47307765
21443,0.23448014
21448,0.32908472
21459,0.572858
21467,0.32013333
21474,0.5014452
21484,0.42769378
21488,0.6230657
21495,0.29595345
21498,0.32214397
21502,0.27256888
21503,0.53079134
21510,0.52851784
21516,0.7364991
21533,0.75170046
21535,0.33894497
21539,0.2568842
21541,0.35391197
21544,0.50180125
21554,0.66687876
21569,0.302708
21572,0.46875998
21578,0.33488742
21580,0.3075354
21584,0.27417988
21589,0.62751436
21595,0.32650805
21598,0.5951241
21599,0.32199556
21606,0.30566004
21623,0.3219173
21639,0.5385946
21641,0.30282003
21645,0.2759654
21647,0.49431834
21648,0.22033833
21657,0.28808504
21671,0.33305603
21673,0.21193965
21678,0.29219356
21696,0.56904423
21699,0.4506491
21700,0.31612062
21703,0.3473913
21710,0.34512427
21721,0.30933726
21727,0.27661857
21728,0.7415841
21731,0.34459522
21741,0.29651383
21744,0.6933942
21748,0.30547702
21753,0.30088636
21756,0.37880254
21763,0.3245267
21767,0.2511677
21772,0.72812575
21774,0.33270273
21775,0.67653066
21780,0.582829
21787,0.5054233
21805,0.3176047
21828,0.2941099
21831,0.3196422
21837,0.31695583
21842,0.36375424
21849,0.30720627
21856,0.500069
21858,0.33649087
21862,0.21979675
21864,0.29544535
21867,0.34832183
21879,0.32049882
21881,0.30705813
21883,0.28529137
21891,0.55588883
21892,0.3515425
21902,0.25182068
21909,0.3083669
21914,0.25883988
21918,0.29356155
21919,0.28260896
21926,0.293009
21930,0.5659939
21934,0.5959455
21940,0.32186082
21945,0.27206424
21948,0.69739854
21953,0.31028357
21954,0.26030764
21956,0.5110529
21963,0.61374915
21970,0.49025556
21984,0.26584294
21997,0.3180144
21999,0.25908935
22001,0.31299013
22002,0.24779096
22010,0.6277459
22013,0.2915975
22022,0.28352877
22024,0.29038492
22028,0.28881425
22029,0.7115205
22045,0.30199957
22049,0.24720266
22064,0.65606534
22069,0.51173544
22074,0.45475656
22082,0.3117264
22084,0.31132197
22090,0.46834052
22096,0.56196296
22100,0.30733195
22105,0.3174283
22119,0.34098122
22130,0.32899448
22152,0.69279665
22155,0.31132776
22164,0.22966516
22173,0.3225979
22194,0.4805617
22209,0.26653093
22217,0.13086739
22220,0.28682777
22222,0.6220922
22244,0.23978262
22245,0.30561122
22250,0.5181525
22256,0.7292163
22261,0.6673187
22264,0.3292283
22270,0.50450486
22279,0.7052376
22280,0.30170962
22284,0.2916311
22288,0.34513506
22293,0.3094511
22297,0.91133964
22307,0.39407676
22310,0.26931217
22319,0.5139338
22324,0.25324553
22326,0.19181098
22327,0.29107526
22329,0.32796034
22331,0.7357171
22340,0.58943874
22342,0.54141206
22347,0.48428923
22351,0.3475213
22357,0.3094416
22361,0.31861755
22371,0.36623284
22373,0.30164254
22391,0.523618
22404,0.68353534
22409,0.68110704
22411,0.33935788
22428,0.578348
22436,0.4922431
22444,0.65536225
22445,0.2898395
22451,0.2976429
22463,0.31864792
22464,0.27623716
22467,0.6244694
22472,0.2931936
22485,0.64043224
22497,0.30182245
22504,0.47941363
22508,0.28486755
22516,0.3046792
22522,0.25837138
22527,0.506244
22543,0.73109317
22549,0.30275992
22551,0.55514085
22557,0.5144424
22562,0.27707908
22567,0.32047185
22572,0.33484668
22575,0.2704655
22578,0.5294167
22579,0.34884474
22580,0.3171358
22581,0.29327017
22591,0.7191639
22593,0.28531405
22597,0.28605
22600,0.45316917
22602,0.48670098
22603,0.48077834
22616,0.5857887
22617,0.3264341
22622,0.33448586
22623,0.35122913
22624,0.58653146
22628,0.31453052
22640,0.32133865
22641,0.36225304
22653,0.5360844
22660,0.2901893
22672,0.55602306
22674,0.34674278
22689,0.51157385
22698,0.32869947
22705,0.5997659
22709,0.698266
22711,0.3128215
22714,0.6712675
22715,0.3154602
22729,0.5080326
22730,0.4882806
22733,0.32149607
22750,0.20460273
22754,0.64886415
22756,0.60413
22758,0.59072125
22767,0.7102229
22768,0.46477202
22769,0.58949816
22776,0.23268923
22778,0.30168906
22780,0.7409503
22789,0.5424275
22797,0.527963
22799,0.6345551
22814,0.29417405
22818,0.3848956
22821,0.46676162
22823,0.42184347
22841,0.21325286
22847,0.55864507
22848,0.45422858
22862,0.32004413
22875,0.743484
22877,0.75064754
22887,0.33864436
22892,0.25356683
22899,0.754322
22901,0.72056705
22907,0.36113617
22909,0.3885603
22926,0.36927807
22927,0.37903622
22930,0.36469096
22934,0.34619796
22937,0.34950483
22939,0.7072925
22949,0.33766344
22951,0.43524927
22955,0.27667797
22965,0.816527
22966,0.69270754
22968,0.95005924
22972,0.42218736
22975,0.4084863
22981,0.32864165
22988,0.390946
22994,0.31252798
22996,0.708581
23011,0.63607734
23028,0.44614
23031,0.32529923
23035,0.27628613
23038,0.43711695
23042,0.34960642
23049,0.73403597
23051,0.96044266
23053,0.2877736
23057,0.735913
23058,0.4250443
23063,0.38540637
23064,0.34178632
23067,0.29714027
23071,0.37391713
23075,0.29555836
23077,0.71142155
23090,0.34407243
23094,0.50228006
23097,0.31723568
23103,0.25671262
23107,0.6908181
23117,0.31395522
23122,0.31485352
23124,0.26783705
23126,0.2993874
23129,0.6640225
23136,0.40082264
23141,0.3055103
23142,0.44648987
23147,0.33580726
23154,0.4016113
23159,0.28175876
23165,0.37344417
23171,0.6997652
23173,0.059532214
23175,0.3367964
23179,0.9362075
23182,0.7268197
23185,0.43217543
23188,0.35615638
23189,0.38133875
23209,0.3009355
23214,0.2984116
23215,0.35183564
23233,0.355442
23241,0.4140907
23252,0.35458046
23255,0.41434947
23263,0.31677255
23281,0.31036752
23282,0.29869905
23289,0.24208625
23292,0.23061019
23296,0.34422863
23297,0.32887143
23301,0.28167245
23302,0.34501386
23304,0.30429226
23309,0.330081
23312,0.4275969
23316,0.33854154
23321,0.3000544
23342,0.32894865
23344,0.2814394
23350,0.2775972
23367,0.68723863
23368,0.3377512
23374,0.2870734
23387,0.28390968
23389,0.77797675
23399,0.6878299
23403,0.71182567
23406,0.9524172
23414,0.3820809
23415,0.20922273
23419,0.68749493
23436,0.3362335
23439,0.82592684
23444,0.39882138
23445,0.32815766
23455,0.21929139
23469,0.3084535
23472,0.20102987
23477,0.3353307
23478,0.649375
23479,0.34188038
23487,0.3789078
23490,0.3541656
23491,0.6990542
23492,0.26830614
23494,0.31940597
23496,0.2964574
23497,0.3103289
23506,0.2609109
23515,0.3657264
23528,0.29224244
23532,0.30874762
23549,0.42828616
23551,0.28148422
23552,0.26918283
23555,0.33627447
23556,0.33724502
23564,0.700835
23583,0.35737866
23592,0.37950462
23597,0.95280516
23601,0.31770483
23605,0.685855
23615,0.29517075
23619,0.36792144
23621,0.93729067
23626,0.7011809
23635,0.46752694
23637,0.36282143
23640,0.31176484
23646,0.2739436
23655,0.30416068
23672,0.66993505
23673,0.33684814
23682,0.28888178
23683,0.434566
23699,0.32760447
23704,0.71374965
23707,0.9631416
23713,0.329284
23714,0.2475031
23716,0.37229264
23718,0.7173938
23721,0.16568333
23735,0.34054345
23737,0.38427854
23744,0.2651333
23749,0.70348614
23755,0.4329504
23769,0.6850332
23772,0.41032046
23773,0.14400737
23774,0.6999939
23779,0.23982158
23782,0.47708085
23793,0.39932817
23803,0.95734674
23828,0.67103493
23833,0.70615596
23834,0.7090862
23844,0.31172785
23845,0.6943281
23852,0.6931432
23855,0.70246476
23867,0.29547423
23872,0.64368176
23874,0.45355606
23880,0.27610517
23886,0.26490998
23898,0.3378994
23900,0.2979636
23903,0.25010332
23907,0.278338
23908,0.7128146
23912,0.29178268
23916,0.2752893
23917,0.39838338
23918,0.3230554
23922,0.38091344
23928,0.32900918
23940,0.65681446
23944,0.39341518
23945,0.384959
23951,0.29104188
23966,0.27069038
23970,0.26127952
23971,0.35693792
23976,0.6499
23980,0.3161845
23987,0.9637205
23988,0.2993284
23993,0.35345462
23997,0.2813908
23998,0.32122985
23999,0.8441438
24010,0.69891894
24015,0.69164765
24023,0.3228998
24033,0.31418833
24046,0.6938902
24060,0.3699111
24062,0.3341955
24065,0.65741134
24070,0.4066349
24071,0.21473761
24073,0.31551582
24079,0.34064567
24082,0.9580061
24084,0.3842683
24089,0.36298922
24094,0.3371653
24100,0.35643712
24105,0.3091403
24106,0.1563729
24108,0.7223801
24111,0.9538117
24120,0.39554387
24125,0.6770439
24134,0.6534716
24140,0.36765933
24151,0.36799824
24153,0.27496633
24154,0.42214033
24161,0.3443005
24166,0.34925947
24170,0.62500006
24176,0.27994642
24182,0.7861421
24188,0.32856554
24190,0.34967837
24201,0.9428292
24211,0.7847188
24215,0.7341877
24216,0.94420797
24219,0.32018942
24222,0.71198
24240,0.96279573
24243,0.3514442
24245,0.33691868
24251,0.21934736
24256,0.9539625
24258,0.2790161
24261,0.38894352
24263,0.34716624
24264,0.3643302
24266,0.30199936
24273,0.36865485
24278,0.31850156
24289,0.95435536
24292,0.35347664
24293,0.36310115
24298,0.9543747
24299,0.34204006
24303,0.6147717
24304,0.37327605
24305,0.36851597
24329,0.3630675
24341,0.33477828
24345,0.7424631
24353,0.3131617
24358,0.9529423
24364,0.68659294
24367,0.3894489
24370,0.6588969
24377,0.37582108
24380,0.325119
24381,0.3011006
24387,0.38739374
24391,0.35032395
24409,0.95435613
24413,0.3322591
24416,0.32473296
24427,0.4764209
24439,0.265455
24443,0.36790806
24448,0.37184542
24454,0.8360968
24455,0.28869444
24461,0.28009772
24464,0.40708166
24468,0.23594029
24469,0.2726528
24501,0.32083187
24508,0.32712266
24519,0.37048563
24520,0.9362727
24538,0.43327922
24540,0.70537734
24550,0.3074526
24552,0.2518232
24561,0.2859788
24577,0.42311692
24579,0.32343814
24580,0.33496642
24582,0.3190696
24591,0.7630002
24592,0.36163434
24599,0.79466474
24602,0.32343706
24606,0.33356643
24617,0.2633466
24619,0.8623516
24630,0.21750663
24633,0.83307
24634,0.72297543
24638,0.3339405
24641,0.3899966
24644,0.39117372
24645,0.79724807
24656,0.35664934
24661,0.2963313
24663,0.72161084
24667,0.38013855
24669,0.6707887
24682,0.38386887
24698,0.3026418
24699,0.71312296
24702,0.32279664
24703,0.46172598
24717,0.37103406
24724,0.9577787
24731,0.3020776
24737,0.27750367
24740,0.4504878
24743,0.31021833
24744,0.9611597
24755,0.4812167
24757,0.32303846
24765,0.43037087
24766,0.2878758
24776,0.7345026
24787,0.9367998
24789,0.45980224
24791,0.2039099
24792,0.36242732
24804,0.070770636
24812,0.38368928
24816,0.35303277
24817,0.35753155
24820,0.67429996
24828,0.38563263
24832,0.29838973
24836,0.33734205
24842,0.73466426
24846,0.28945056
24847,0.2929875
24848,0.9454963
24851,0.70294017
24855,0.7280056
24856,0.30577773
24871,0.46613887
24874,0.35718375
24877,0.35339352
24889,0.32713372
24897,0.33970073
24899,0.7156702
24908,0.3052972
24913,0.7303098
24923,0.27483281
24933,0.33656728
24971,0.3215575
24973,0.95018524
24993,0.5119047
24998,0.4771989
25000,0.9333732
25001,0.932415
25002,0.35593176
25003,0.94927496
25009,0.3406979
25024,0.2731686
25026,0.31758946
25027,0.9329178
25034,0.2774856
25050,0.34696367
25057,0.34255323
25067,0.65900636
25075,0.38972726
25081,0.3829536
25085,0.39672872
25093,0.32513168
25097,0.38177696
25103,0.34999537
25104,0.51451826
25109,0.36224258
25112,0.74974626
25113,0.34164968
25114,0.34021324
25119,0.27051276
25121,0.3285957
25122,0.80748594
25124,0.71364075
25131,0.3342872
25134,0.74678457
25144,0.2866757
25147,0.73852944
25148,0.44393143
25149,0.34456086
25155,0.48311046
25169,0.8120845
25177,0.71860695
25178,0.35463384
25179,0.37645212
25180,0.72476625
25191,0.617425
25199,0.3376213
25232,0.43019596
25241,0.39188036
25242,0.7229192
25243,0.29751205
25246,0.29718053
25259,0.7341034
25265,0.73629135
25278,0.7531575
25280,0.28476304
25284,0.35715407
25286,0.73418397
25288,0.2844108
25318,0.9568144
25330,0.6971754
25333,0.34891456
25339,0.2910849
25340,0.73900837
25346,0.37513202
25349,0.78884137
25351,0.34041026
25361,0.69594353
25366,0.370363
25368,0.94892544
25369,0.32461366
25370,0.47455886
25375,0.11393305
25376,0.7355857
25377,0.35827202
25379,0.37649485
25382,0.6026266
25386,0.57323635
25389,0.5689243
25399,0.38647786
25400,0.9478016
25401,0.7278156
25407,0.24607655
25409,0.24835849
25412,0.39188898
25416,0.26862782
25418,0.38023004
25423,0.3326111
25436,0.38469005
25439,0.30530524
25442,0.3363919
25445,0.9396299
25446,0.38464618
25453,0.2883235
25456,0.4852226
25458,0.42904684
25460,0.37492839
25461,0.328499
25468,0.79024833
25470,0.36690596
25471,0.30417824
25482,0.40848893
25501,0.84932464
25504,0.7106235
25515,0.3236357
25518,0.4000953
25528,0.3906718
25533,0.33002737
25543,0.24031077
25548,0.2591304
25564,0.3312272
25572,0.72081846
25576,0.32740483
25577,0.49684453
25587,0.31640348
25591,0.3523003
25596,0.28288093
25598,0.3007799
25617,0.33270916
25618,0.8371921
25620,0.3310073
25623,0.34637654
25626,0.32072318
25628,0.30621105
25633,0.44120502
25637,0.3641448
25644,0.2549261
25662,0.3140545
25663,0.40499932
25673,0.6735234
25678,0.33656782
25685,0.3229973
25691,0.3008435
25706,0.36049244
25707,0.29069844
25723,0.39290234
25725,0.37413418
25735,0.71097136
25740,0.30436707
25759,0.34977213
25761,0.714074
25769,0.30617046
25774,0.33287054
25779,0.698174
25781,0.37658936
25784,0.9332401
25790,0.89956653
25796,0.36146066
25816,0.33004454
25847,0.2987183
25850,0.29234958
25852,0.6954977
25856,0.36757478
25866,0.40466088
25867,0.68436885
25868,0.35242093
25869,0.47362772
25877,0.77494735
25878,0.30128816
25890,0.4674704
25898,0.821642
25899,0.29708922
25906,0.94549537
25907,0.74922705
25915,0.94305104
25932,0.7148721
25939,0.38279602
25946,0.711454
25951,0.68226856
25959,0.4097704
25961,0.338595
25964,0.34812903
25969,0.33142698
25980,0.33621472
25986,0.34885076
25992,0.19455972
25998,0.30926955
26000,0.37278417
26006,0.3307897
26009,0.29662994
26016,0.5144049
26023,0.95706457
26038,0.4991087
26041,0.32918108
26050,0.31533337
26051,0.96388906
26057,0.36510357
26060,0.10345054
26062,0.36186156
26067,0.96281165
26068,0.30215243
26072,0.39006695
26074,0.7254047
26075,0.3225403
26081,0.7182224
26108,0.74327624
26112,0.95570815
26113,0.26906833
26115,0.5418095
26122,0.3322062
26139,0.3039088
26162,0.3623748
26165,0.33940688
26173,0.34444657
26177,0.32498026
26179,0.3643057
26184,0.17372324
26190,0.33509052
26204,0.3761786
26205,0.058648746
26212,0.7132343
26215,0.3371232
26227,0.7415051
26232,0.6893319
26237,0.44814882
26246,0.5675175
26248,0.6936696
26249,0.4053015
26260,0.44343984
26263,0.31244206
26267,0.885643
26269,0.38726673
26271,0.7181849
26273,0.58967584
26286,0.39485186
26297,0.3381497
26309,0.3819689
26313,0.3039524
26319,0.43612963
26329,0.35190177
26330,0.72227657
26333,0.4364677
26361,0.7800441
26366,0.5539371
26376,0.96130085
26378,0.5539306
26382,0.3479527
26389,0.36905953
26391,0.30708295
26401,0.6827519
26415,0.29272494
26419,0.63374597
26421,0.9605093
26422,0.3799258
26423,0.69607157
26424,0.54777545
26441,0.6954252
26442,0.39021224
26446,0.72341144
26447,0.3523899
26448,0.3535614
26451,0.39892152
26459,0.34808317
26465,0.23528153
26476,0.3505651
26481,0.3417441
26487,0.9595046
26501,0.28013116
26513,0.7979404
26517,0.28740993
26527,0.7921265
26534,0.7931179
26535,0.97070485
26545,0.3284619
26550,0.24937446
26558,0.30619434
26571,0.72173476
26573,0.39520356
26575,0.38159037
26578,0.33159178
26583,0.73993546
26590,0.3634068
26593,0.72777724
26602,0.25523043
26606,0.71895224
26613,0.6484744
26615,0.27456844
26618,0.33646148
26628,0.9459271
26630,0.723809
26635,0.37331197
26645,0.35296446
26648,0.17511408
26651,0.34782124
26660,0.26626268
26663,0.6025576
26664,0.608072
26665,0.6908316
26673,0.68894225
26675,0.3445035
26676,0.38143495
26677,0.35987222
26679,0.40216404
26687,0.33572716
26689,0.432857
26697,0.37967268
26737,0.7369299
26747,0.9558444
26748,0.4315615
26749,0.37848115
26754,0.9261114
26759,0.36572456
26760,0.7320512
26765,0.31404996
26769,0.33090937
26771,0.3439867
26776,0.37986502
26778,0.31519684
26780,0.37944302
26783,0.1580848
26785,0.3587859
26800,0.3514558
26804,0.3017801
26812,0.3604258
26816,0.2917523
26823,0.7411984
26834,0.37905306
26836,0.692053
26841,0.6548926
26845,0.36707783
26849,0.4010507
26854,0.74462295
26858,0.4097848
26860,0.18080336
26866,0.31630394
26871,0.17513117
26873,0.4366567
26905,0.34097838
26907,0.31483886
26920,0.62990105
26924,0.23731925
26930,0.2901506
26942,0.6092434
26944,0.37601686
26949,0.72663236
26952,0.94662356
26956,0.3795892
26973,0.29397395
26977,0.3568246
26993,0.7098148
26997,0.2990731
26999,0.62699336
27021,0.3778365
27023,0.37458172
27025,0.058311723
27027,0.3938228
27032,0.6292139
27034,0.28388843
27036,0.5738646
27045,0.33071983
27050,0.28437033
27051,0.76757306
27055,0.37860066
27056,0.39560524
27060,0.37115732
27061,0.7402965
27066,0.7088671
27070,0.30632865
27073,0.22058836
27077,0.785424
27085,0.39285392
27086,0.36405686
27099,0.40168217
27105,0.38866627
27109,0.36149845
27125,0.29477006
27135,0.4630146
27139,0.58319694
27140,0.8931151
27141,0.35443148
27142,0.3332331
27144,0.30135486
27148,0.39061508
27154,0.40642303
27162,0.7098154
27175,0.5875444
27176,0.37161183
27178,0.7004606
27197,0.37542665
27204,0.35966927
27205,0.3737678
27206,0.1816529
27207,0.3452945
27216,0.36717352
27230,0.31605923
27234,0.28476706
27241,0.394714
27249,0.95972294
27251,0.28267413
27252,0.7085129
27256,0.7532549
27257,0.61867106
27263,0.2999453
27268,0.3863602
27269,0.34446463
27276,0.3426331
27279,0.66155994
27288,0.72093797
27295,0.2950642
27299,0.35042107
27302,0.35540095
27304,0.34118485
27316,0.62688136
27318,0.29633996
27330,0.38103127
27333,0.6389443
27335,0.398874
27339,0.32932872
27341,0.6006076
27342,0.36531556
27345,0.4749863
27347,0.4990953
27354,0.5625257
27361,0.29090577
27375,0.6517102
27387,0.6467134
27390,0.6265206
27392,0.8993555
27399,0.2930276
27403,0.35025176
27410,0.48938596
27423,0.34457102
27429,0.2993167
27432,0.44622022
27436,0.37438518
27437,0.67747664
27441,0.69883573
27444,0.6218448
27445,0.30630124
27448,0.6652492
27454,0.4084649
27459,0.31680465
27465,0.3656983
27478,0.93845457
27479,0.36926144
27481,0.636636
27483,0.5483667
27486,0.3144429
27498,0.38482147
27505,0.38748333
27507,0.33154076
27509,0.31622943
27514,0.32988018
27527,0.7475667
27535,0.28215972
27544,0.27554575
27545,0.36291414
27556,0.2795606
27563,0.34584218
27569,0.38813442
27585,0.58414483
27589,0.3083799
27605,0.37554914
27608,0.72227836
27609,0.32322037
27611,0.28092304
27621,0.58189327
27626,0.70785356
27629,0.34819227
27645,0.7553435
27651,0.29060626
27654,0.3880649
27656,0.71677387
27663,0.68923116
27673,0.27480358
27677,0.31093186
27678,0.3119649
27680,0.35924065
27681,0.42936528
27684,0.34955356
27688,0.3287909
27706,0.36860266
27709,0.37655008
27720,0.30508137
27722,0.37374434
27733,0.7487809
27734,0.72576714
27739,0.3632637
27746,0.40850922
27751,0.8347753
27755,0.36957115
27777,0.6018285
27783,0.29580933
27795,0.38839766
27805,0.38623783
27811,0.30891111
27815,0.3107746
27823,0.33880222
27856,0.35562044
27873,0.40562883
27883,0.33628207
27885,0.68535775
27887,0.74551874
27899,0.39795002
27921,0.39762044
27924,0.40404743
27927,0.40708402
27929,0.37719333
27932,0.36072066
27943,0.49108338
27945,0.46712238
27952,0.40989518
27957,0.7483764
27960,0.41808066
27966,0.38766783
27968,0.764024
27980,0.7107476
27984,0.32595938
27994,0.38303673
27995,0.39318797
28002,0.70423734
28004,0.6495398
28006,0.28497547
28028,0.6632302
28042,0.69438523
28043,0.42918935
28055,0.5789868
28061,0.40205216
28063,0.5714967
28077,0.39528707
28090,0.6612362
28093,0.40057474
28095,0.34589642
28096,0.6934473
28098,0.81547785
28099,0.32118115
28111,0.32844082
28115,0.39032838
28123,0.3617374
28125,0.4346564
28126,0.7113785
28129,0.6897106
28131,0.35538584
28139,0.3612625
28146,0.32501376
28153,0.76141965
28155,0.37926155
28160,0.6361226
28166,0.35396504
28167,0.66935134
28176,0.7137244
28185,0.32964176
28187,0.71411324
28195,0.75814366
28203,0.2545742
28206,0.37307003
28209,0.2986916
28210,0.31679103
28211,0.31913632
28216,0.3629703
28234,0.36586007
28235,0.7596556
28248,0.33494717
28255,0.37592167
28266,0.34922755
28277,0.32298192
28286,0.38630348
28288,0.35068598
28289,0.5490201
28290,0.35942355
28296,0.3766585
28300,0.70964783
28306,0.2763575
28307,0.33768556
28309,0.33622956
28327,0.39776304
28336,0.36097583
28345,0.3402533
28355,0.366128
28361,0.29974458
28362,0.33814484
28374,0.32384002
28380,0.74991035
28381,0.36700034
28393,0.27863267
28394,0.32411668
28405,0.38521168
28413,0.33110613
28426,0.713454
28428,0.7519895
28429,0.7406757
28442,0.37834746
28445,0.28735483
28457,0.9436669
28459,0.6585965
28462,0.3845016
28478,0.2604171
28490,0.37591985
28492,0.35432908
28499,0.194584
28500,0.40930837
28506,0.7279575
28509,0.33831683
28513,0.32273325
28516,0.36752352
28519,0.9566134
28526,0.2988215
28527,0.27389646
28528,0.74817175
28533,0.35688594
28547,0.3313419
28551,0.35760102
28563,0.4242449
28566,0.43067968
28568,0.38580525
28580,0.36965692
28589,0.3455126
28590,0.75347936
28606,0.39369008
28613,0.33430552
28615,0.29862475
28619,0.4061847
28629,0.57216775
28633,0.35424283
28635,0.6910203
28646,0.33906037
28648,0.6677204
28651,0.31604952
28660,0.7073123
28681,0.33572713
28693,0.5479247
28696,0.33673918
28703,0.3620101
28709,0.36639655
28712,0.66609985
28718,0.30187535
28719,0.5585203
28727,0.28554693
28730,0.724835
28732,0.67494065
28740,0.3666569
28747,0.3475983
28752,0.632786
28757,0.38260603
28764,0.3957857
28765,0.6490889
28770,0.63598937
28772,0.79135275
28783,0.35522798
28786,0.31885636
28796,0.34225544
28799,0.6806686
28806,0.6402297
28807,0.3617436
28815,0.4512026
28818,0.34504244
28823,0.3976187
28824,0.48496693
28831,0.88921285
28834,0.514691
28841,0.31572112
28848,0.6820585
28882,0.5398609
28884,0.3669531
28904,0.3642776
28907,0.29928622
28919,0.34004956
28920,0.61042535
28928,0.27540767
28935,0.08717395
28936,0.28569326
28945,0.34258568
28950,0.70962524
28957,0.6299299
28963,0.24251692
28974,0.35326612
28980,0.40523914
28988,0.61032915
28999,0.34680298
29001,0.63512754
29004,0.21066856
29006,0.39844185
29012,0.40569204
29018,0.40521446
29027,0.35150212
29030,0.2661141
29032,0.2864449
29039,0.31729943
29043,0.41549578
29056,0.6560392
29064,0.72796774
29068,0.34355205
29069,0.29503584
29074,0.2827579
29076,0.32355458
29085,0.31570998
29088,0.682672
29091,0.3331289
29092,0.62452346
29093,0.33454278
29094,0.5102492
29108,0.6404112
29114,0.3101945
29115,0.29297453
29118,0.28035158
29125,0.33196336
29127,0.74137384
29150,0.2854698
29152,0.16229035
29155,0.68552816
29165,0.29782638
29167,0.36498845
29174,0.42244694
29180,0.37677136
29185,0.37751153
29190,0.35832042
29192,0.96038866
29194,0.3683395
29220,0.37685883
29231,0.5867786
29237,0.617528
29240,0.5365737
29247,0.41160563
29256,0.36343887
29275,0.36552924
29278,0.3801993
29280,0.69713694
29286,0.42913687
29288,0.6696374
29305,0.73800737
29327,0.33529192
29329,0.73194796
29333,0.39513162
29335,0.40091574
29342,0.9587604
29344,0.348116
29353,0.36513463
29358,0.4156032
29373,0.24579196
29392,0.40162984
29393,0.5845311
29395,0.9339517
29403,0.6802354
29405,0.60668445
29410,0.36086076
29423,0.35885015
29427,0.74303037
29429,0.35910004
29432,0.34297547
29440,0.65108854
29447,0.3467414
29448,0.30263168
29452,0.6048175
29455,0.32274884
29461,0.2688806
29466,0.32942125
29474,0.3262824
29476,0.33288664
29486,0.57267886
29494,0.36907074
29497,0.60908157
29505,0.37678328
29511,0.72067547
29516,0.62729836
29522,0.3665249
29523,0.2850835
29524,0.2976118
29529,0.28419688
29533,0.30652738
29535,0.3704693
29548,0.3173243
29551,0.35086924
29563,0.28421012
29574,0.39317614
29575,0.31654653
29592,0.33627048
29599,0.6022276
29608,0.31947955
29613,0.38269418
29620,0.39360163
29630,0.71524733
29637,0.31960028
29638,0.37263262
29643,0.3858998
29648,0.3508075
29657,0.38348064
29659,0.3796126
29662,0.3949034
29665,0.36312494
29699,0.68073004
29706,0.5952013
29715,0.62579435
29716,0.36940354
29717,0.31320032
29721,0.62769866
29731,0.43003395
29735,0.31031406
29739,0.52249545
29742,0.6153921
29747,0.94272196
29749,0.6005248
29754,0.94307154
29773,0.36534694
29777,0.5353932
29779,0.30214185
29783,0.33108672
29786,0.357187
29805,0.5887643
29811,0.48977026
29812,0.5382523
29815,0.617938
29819,0.3041204
29833,0.3189685
29847,0.39289385
29854,0.64997226
29856,0.3129318
29859,0.33277074
29864,0.4261844
29865,0.41860917
29867,0.32030335
29885,0.51081616
29894,0.41308215
29900,0.37788785
29910,0.64686394
29928,0.35040238
29942,0.3074972
29951,0.34909642
29953,0.3559489
29962,0.32570472
29968,0.3102226
29974,0.76378095
29980,0.6203545
29987,0.20208503
29993,0.59952784
30001,0.7459913
30005,0.6462148
30015,0.35695943
30034,0.24135523
30041,0.34233636
30044,0.3707984
30058,0.16203764
30061,0.35473096
30064,0.38517424
30065,0.39125168
30069,0.33043137
30074,0.3444696
30076,0.2562972
30080,0.25309002
30086,0.72425085
30087,0.3363191
30092,0.30418
30093,0.6992861
30096,0.3846274
30097,0.70485157
30098,0.32957625
30102,0.64087784
30106,0.34452644
30110,0.6650696
30111,0.91964984
30122,0.36235705
30128,0.35697305
30130,0.7065903
30131,0.3464646
30132,0.3828531
30135,0.3910439
30137,0.7989328
30157,0.7207926
30158,0.7021979
30162,0.34660566
30170,0.7077687
30174,0.38567638
30195,0.59413767
30196,0.35041907
30204,0.3879829
30207,0.7975345
30209,0.61086786
30212,0.39095604
30221,0.32505226
30225,0.5840374
30229,0.41259834
30231,0.36871698
30233,0.39070922
30237,0.43764883
30239,0.45098674
30242,0.4009089
30244,0.30428082
30249,0.40646917
30262,0.3443203
30286,0.3740677
30292,0.38172665
30303,0.31327972
30320,0.27725384
30322,0.36754557
30355,0.41557774
30356,0.34342816
30372,0.44051826
30375,0.31785303
30379,0.40448493
30384,0.3709917
30386,0.35847598
30394,0.38657093
30395,0.32241413
30396,0.33639288
30397,0.3624637
30402,0.4169701
30413,0.32515422
30416,0.45362657
30420,0.3350545
30422,0.6869165
30432,0.3168036
30434,0.40813705
30438,0.39247712
30444,0.21728885
30446,0.5172901
30455,0.3524444
30457,0.42195463
30459,0.44772235
30463,0.37377712
30468,0.43473083
30477,0.35378346
30478,0.3977163
30481,0.41222084
30482,0.29522064
30487,0.43493694
30491,0.4175528
30496,0.69756335
30501,0.31857833
30506,0.31972316
30511,0.3254847
30513,0.42720127
30516,0.35017696
30520,0.35866126
30531,0.45056808
30542,0.8008635
30555,0.3324517
30557,0.4224198
30568,0.4291758
30570,0.9186564
30584,0.38309157
30594,0.64206374
30614,0.3587147
30617,0.39092365
30618,0.687981
30631,0.37161678
30632,0.342321
30634,0.67002636
30636,0.3246866
30637,0.33702046
30639,0.41062424
30647,0.438481
30649,0.36473438
30656,0.29829544
30660,0.29201457
30665,0.28626552
30669,0.31650567
30681,0.38204595
30683,0.6323147
30687,0.6880769
30694,0.48582464
